image_name,category
sun_abtyfplefeymuefw.png,abbey
sun_aamvxnvouicstkjb.png,abbey
sun_aiclrokyjyalssnp.png,abbey
sun_ahhhaxrgmujfsusq.png,abbey
sun_awklebuumwqeadit.png,abbey
sun_airailhtdwurkwef.png,airport_terminal
sun_ammqjlktystudwsz.png,airport_terminal
sun_apnwogngdaronflf.png,airport_terminal
sun_aiocgjwcthdvttcs.png,airport_terminal
sun_adqmgymlumduelnn.png,airport_terminal
sun_aqzxwtsrnlsiczsn.png,alley
sun_agreibglsxbjhxdt.png,alley
sun_astgmykhueefpevo.png,alley
sun_accvrsqmfcigfluj.png,alley
sun_apvqljxdifvmyadx.png,alley
sun_awgmodgipvlaerrd.png,amphitheater
sun_aalwixjkrhyiabdr.png,amphitheater
sun_cyebodmshcmilxea.png,amphitheater
sun_cskokqhzpqyarpwd.png,amphitheater
sun_cfsknrqkwoyyclpl.png,amphitheater
sun_ahhpsbgnglzysmua.png,amusement_arcade
sun_ajygurrzpfxqejqc.png,amusement_arcade
sun_aowksagtgggbnjqi.png,amusement_arcade
sun_atkzuhaxqlacvmsv.png,amusement_arcade
sun_askwjtamytupzwah.png,amusement_arcade
sun_aczwgyukesaajxnx.png,amusement_park
sun_abcexmhrrazffdxe.png,amusement_park
sun_bwkmlnhgxxpjprxc.png,amusement_park
sun_bfztbzvqscvktlao.png,amusement_park
sun_bfcypjruisfyselq.png,amusement_park
sun_agocibromfoaybuz.png,anechoic_chamber
sun_akcdbodbkmfeupxp.png,anechoic_chamber
sun_alpractqeyizbear.png,anechoic_chamber
sun_anpdzpsubrdncofi.png,anechoic_chamber
sun_azmhboomhdmwrpsp.png,anechoic_chamber
sun_atlkspittmykamrv.png,apartment_building_outdoor
sun_atqutzzjditgyzxl.png,apartment_building_outdoor
sun_aeyhqgbyhdhangzf.png,apartment_building_outdoor
sun_agqvzyuqlrbohisr.png,apartment_building_outdoor
sun_aprgbwgrwequqing.png,apartment_building_outdoor
sun_bqmfdqurmypfritz.png,apse_indoor
sun_aulnzckztegbujqb.png,apse_indoor
sun_aqvtatgzrkinbxqt.png,apse_indoor
sun_amirvaewncjrhrji.png,apse_indoor
sun_bkpakbrnbklrfcms.png,apse_indoor
sun_azjsudewsgmqnhkf.png,aqueduct
sun_axxsrlgzileujamu.png,aqueduct
sun_amqmkagzucwpdrvy.png,aqueduct
sun_ancegghzusmmvzjn.png,aqueduct
sun_aexdqzgqahiggqzo.png,aqueduct
sun_bobpholdjtxszdqk.png,arch
sun_bjuopgcqzceavmmx.png,arch
sun_bttyblasuoaazfvj.png,arch
sun_bcaazxbrzfcjtplx.png,arch
sun_byockeznxqmczqek.png,arch
sun_atxwziosjjcednod.png,archive
sun_agjapalzunkyfkne.png,archive
sun_arlgkxkunjheidiw.png,archive
sun_atlolpsghvngqjst.png,archive
sun_akubqvqnwwfxhdab.png,archive
sun_aqezafmogzlbsghg.png,arrival_gate_outdoor
sun_alcdwocqmwxiytcj.png,arrival_gate_outdoor
sun_bzdfeubmpjrwxyxa.png,arrival_gate_outdoor
sun_ajdofftheuhszftu.png,arrival_gate_outdoor
sun_bfkhvtwktbyrgtmw.png,arrival_gate_outdoor
sun_aruxmlhbieolibhh.png,art_gallery
sun_bujjhgzbrnclsyny.png,art_gallery
sun_abbwggenhfbftyvi.png,art_gallery
sun_adchxphwsnqnicbz.png,art_gallery
sun_asosyabeygjnhtxh.png,art_gallery
sun_boxowlegplpgysrk.png,art_studio
sun_bhsirvbzddqizrxd.png,art_studio
sun_btsxxuzuiatmkwbj.png,art_studio
sun_bvjsynrlwrnjrcbw.png,art_studio
sun_bvoguehakawfwbfb.png,art_studio
sun_anoxxddurxsbnxdx.png,assembly_line
sun_atgeochjdywgqxyf.png,assembly_line
sun_adkonpxsblmtdukc.png,assembly_line
sun_asycbfpwknyndhqc.png,assembly_line
sun_ayqmoohbwshzgorj.png,assembly_line
sun_bwvnrjivcflkumua.png,athletic_field_outdoor
sun_blofpubzqzwbliew.png,athletic_field_outdoor
sun_bzhtawtcwvarqfly.png,athletic_field_outdoor
sun_bqpyqljaflidcauh.png,athletic_field_outdoor
sun_bcihxnpbgunynkzp.png,athletic_field_outdoor
sun_bzhfdxloamvbiksz.png,atrium_public
sun_blgesddskghneaan.png,atrium_public
sun_bbcizqthnavgqqet.png,atrium_public
sun_btwixqkvzjmqkqpu.png,atrium_public
sun_bsxsmqmkhxxlkoub.png,atrium_public
sun_aliqepetuupwdpip.png,attic
sun_axixcgsxgljfbbzo.png,attic
sun_aeikthvfgvgivrru.png,attic
sun_abzoglkibwvlanfr.png,attic
sun_ahhubkoftignudml.png,attic
sun_bczlttwvngwwabrg.png,auditorium
sun_awlscsrcowjpacpn.png,auditorium
sun_aiycovwctjlqxwbl.png,auditorium
sun_avegegbnbyhsjhmd.png,auditorium
sun_azlzcnatveaokirr.png,auditorium
sun_bojbxgadgjyajeaw.png,badlands
sun_bxrtobofnydzwbvh.png,badlands
sun_bsrxtixhxzmwiczh.png,badlands
sun_bdmrkjfffdqzzwtt.png,badlands
sun_bmvobhbjdjfhtuzw.png,badlands
sun_ahntvxqzyuejrdcq.png,badminton_court_indoor
sun_azigtauwsvkmgyrt.png,badminton_court_indoor
sun_axfpcmfvqnjphcss.png,badminton_court_indoor
sun_aqkpxwoptmxmgoaw.png,badminton_court_indoor
sun_ajfeiiszphblpacd.png,badminton_court_indoor
sun_apjorzrmogzguovm.png,baggage_claim
sun_asygldcgyclnvvlw.png,baggage_claim
sun_alebavahgbcjlilw.png,baggage_claim
sun_aledfdjvdimdvcmx.png,baggage_claim
sun_altcuqgtvipeafki.png,baggage_claim
sun_afknvxgaiewlzajc.png,bakery_shop
sun_bqpannxepavphgcn.png,bakery_shop
sun_abtdndwgqyeufjvf.png,bakery_shop
sun_bsmfrekdbsboycod.png,bakery_shop
sun_ahvmneulgayfmkqm.png,bakery_shop
sun_bkwxuiaegmjazcvy.png,balcony_exterior
sun_ajqihdtigkqdrfxs.png,balcony_exterior
sun_biclizlkkeknhqqs.png,balcony_exterior
sun_bamqqnkootdrwhtm.png,balcony_exterior
sun_bwxprldpzjnjalgr.png,balcony_exterior
sun_bxuwcfqmsdfjijpn.png,balcony_interior
sun_bjvszycdbpvpjzgz.png,balcony_interior
sun_bkdsnknbpqifjaed.png,balcony_interior
sun_blzornbiiofnxflm.png,balcony_interior
sun_bxscrxtgegrmmhrn.png,balcony_interior
sun_aixpqndlwhwjtjek.png,ballroom
sun_bvcpfpykytbdwitw.png,ballroom
sun_aqulzvjtpnwvtyyx.png,ballroom
sun_almtnksfxwvylcgf.png,ballroom
sun_akgzvlccxlhxuygw.png,ballroom
sun_btibjtzuhjtfxauq.png,banquet_hall
sun_bjwltvmogymqyjjt.png,banquet_hall
sun_bfmvazllrikustoq.png,banquet_hall
sun_bolpiwiitgdpdnog.png,banquet_hall
sun_bmrlfhzviyswcgmx.png,banquet_hall
sun_asyixwjjhxaoyxkd.png,bar
sun_asotshujnoeinbbs.png,bar
sun_axkgczjzrllavobx.png,bar
sun_aslmehlkpcjhwjmc.png,bar
sun_arpluuazulzhjheu.png,bar
sun_aeroqgzewiqbdocz.png,barn
sun_bbqxvjeothvtlnez.png,barn
sun_alemrcsvbnxhrekg.png,barn
sun_awexdmftowfrehsx.png,barn
sun_bnzcizmmlzirjubc.png,barn
sun_afkzhwaatxbdwyje.png,barndoor
sun_arhqovljbvibrmtm.png,barndoor
sun_aowuhwvpxbmeldhk.png,barndoor
sun_awbvezjmacwtllmn.png,barndoor
sun_axpnddelsrwvoqcn.png,barndoor
sun_aojxrjqquphceyco.png,baseball_field
sun_akkcfpsvyokmlmwo.png,baseball_field
sun_avedshsrvftfcvmr.png,baseball_field
sun_avjinmigrowfehnh.png,baseball_field
sun_awxijiwvlandzcmr.png,baseball_field
sun_ablgxmlqsejzolxh.png,basement
sun_awgskwyljozdrlct.png,basement
sun_asuoinkrgxvegbah.png,basement
sun_apqqaoxvnhplfvsk.png,basement
sun_ausuzueppuisfqda.png,basement
sun_bslguortidcunuxu.png,basilica
sun_blbbzwvxjszalhpl.png,basilica
sun_blsbpqjmkatjrdcb.png,basilica
sun_bbwwqqjbiyvmzffd.png,basilica
sun_asrifeqqlgmmfnbf.png,basilica
sun_azmlmjaruxcceqya.png,basketball_court_outdoor
sun_aqpczdppoqjonalb.png,basketball_court_outdoor
sun_aaivnkepwwofsfnt.png,basketball_court_outdoor
sun_astwltadxgzlydcb.png,basketball_court_outdoor
sun_awrmjcdjgxbrmgaq.png,basketball_court_outdoor
sun_aezuhrkzpxgayaoe.png,bathroom
sun_awyjssnluvfxtfwf.png,bathroom
sun_axyrejkiiaqiurjk.png,bathroom
sun_asjvnrpboodherjd.png,bathroom
sun_addsacqmcbavfmcm.png,bathroom
sun_auwwnyzuzeewivmz.png,bayou
sun_akmjsexipenbwljx.png,bayou
sun_avkycnojfyfqmczx.png,bayou
sun_acqkqticsyuapvci.png,bayou
sun_aooinnxyfefffynx.png,bayou
sun_bclgfgrqkzfqmlir.png,beach
sun_bjlkthvuowdwxgyb.png,beach
sun_bjiavnrzxfiitfid.png,beach
sun_bimowfoneezwqocq.png,beach
sun_biuiuxadfibucete.png,beach
sun_bojwcobekwxsubcq.png,beauty_salon
sun_bfsbjkqwhoyujxdm.png,beauty_salon
sun_bhglqbfkxbqactrv.png,beauty_salon
sun_afizghkvlqvhlrde.png,beauty_salon
sun_bzahmkxztgfcmrot.png,beauty_salon
sun_aondmbcrpcpdjarh.png,bedroom
sun_atyvqgdpzkavayte.png,bedroom
sun_aheytktztscwvheh.png,bedroom
sun_ardyqbhpwglhclqi.png,bedroom
sun_atapdidnxczyweoj.png,bedroom
sun_akqvdmuauoxeafrj.png,berth
sun_ajnlkyeubhatsusk.png,berth
sun_angurhxxqlgixqia.png,berth
sun_avbzvunekksfggon.png,berth
sun_adephxvrriwlbwfd.png,berth
sun_alvigraaitfxmeoo.png,biology_laboratory
sun_bhiplnjaxcfjsmge.png,biology_laboratory
sun_amgxpaucmznjfszv.png,biology_laboratory
sun_aixamttniqkzhijr.png,biology_laboratory
sun_axxhjvrtltsetiek.png,biology_laboratory
sun_byusctchbivutqxd.png,bistro_indoor
sun_asjtzmwjvhqryqsz.png,bistro_indoor
sun_bihhflcnonnooztq.png,bistro_indoor
sun_byxjhxcvkgccckaf.png,bistro_indoor
sun_begaqriykgpevrkl.png,bistro_indoor
sun_bvdnnlpnbpboowbn.png,boardwalk
sun_beljocifggmzatxb.png,boardwalk
sun_bddmamlvoqvghvez.png,boardwalk
sun_bwlujsghtckhrmdf.png,boardwalk
sun_btkzuhaxqlacvmsv.png,boardwalk
sun_afxalkehxpwbgbec.png,boat_deck
sun_agftyzlylkfwxclh.png,boat_deck
sun_aofdxcazaotxepqz.png,boat_deck
sun_ajmtpcneyaryltkb.png,boat_deck
sun_aajhoihcnufdqjdm.png,boat_deck
sun_aubxvxsbzngngkzp.png,boathouse
sun_azqgpsztungqeboq.png,boathouse
sun_aonxtmxwjuubcnhj.png,boathouse
sun_afuhztgcqcvfxhnx.png,boathouse
sun_aswykbxmrypzjuhi.png,boathouse
sun_ankbihpzdlhpnmvp.png,bookstore
sun_bwyfpzvujaqhgyws.png,bookstore
sun_arvtcfggzrsifiwv.png,bookstore
sun_ahsqkpyxpyepjgxn.png,bookstore
sun_aobohnxcniotaovl.png,bookstore
sun_blkotnnxgwppowib.png,booth_indoor
sun_bjjucghzlqyrrmqb.png,booth_indoor
sun_bvupmryxushufxid.png,booth_indoor
sun_baxunybtfeqxtxbr.png,booth_indoor
sun_bzrclvbqxbfvqaae.png,booth_indoor
sun_apurpjgazkgbnbew.png,botanical_garden
sun_aamlzecjkxlnoedl.png,botanical_garden
sun_ayecsidneqlekrsx.png,botanical_garden
sun_aougeyvlmbkzhkyr.png,botanical_garden
sun_akcxxbgqrapnmrqt.png,botanical_garden
sun_ahiglhenuwtgaend.png,bow_window_indoor
sun_aubtzwwmrqgapedl.png,bow_window_indoor
sun_aufuzsbvexqalzhb.png,bow_window_indoor
sun_alrenxdoluotfeqf.png,bow_window_indoor
sun_apwhjtljvhthspsh.png,bow_window_indoor
sun_aqorlaxzrqoixeha.png,bow_window_outdoor
sun_afvrukzssnqvdbtj.png,bow_window_outdoor
sun_awgmopzafvqnbeqm.png,bow_window_outdoor
sun_anbsyvzrmxjixoas.png,bow_window_outdoor
sun_ayfrunmpvpdjoulz.png,bow_window_outdoor
sun_axofqexdcxqlsnpq.png,bowling_alley
sun_asqdmjznrgeuozvr.png,bowling_alley
sun_apbyivlpmbrbgytk.png,bowling_alley
sun_ahglqbfkxbqactrv.png,bowling_alley
sun_azgozflyqhczhdju.png,bowling_alley
sun_acteouyhcdaxmeya.png,boxing_ring
sun_alfmjdhrlxodshvz.png,boxing_ring
sun_cgnmkviqglhcpzgw.png,boxing_ring
sun_akjppmhxrhxoqlhf.png,boxing_ring
sun_cymcacucrlgcjkhm.png,boxing_ring
sun_axjfbbzsphthehyf.png,brewery_indoor
sun_alfznclqzuxrhweo.png,brewery_indoor
sun_bgdophjktlxnxagt.png,brewery_indoor
sun_azzvbegxtfxrnaqh.png,brewery_indoor
sun_aedggeuhrnhvsjsr.png,brewery_indoor
sun_bfwxztaayfnkvwrc.png,bridge
sun_bbyfxojghxtbvyhk.png,bridge
sun_bdxmuchtqfuxoxjt.png,bridge
sun_bsgtylshcdilauhi.png,bridge
sun_agyrzgbpswqopvgk.png,bridge
sun_bhdnsnsxektcrmnc.png,building_facade
sun_babdnrtjzbpvdbli.png,building_facade
sun_bcnjhlgasrzhincx.png,building_facade
sun_btoqiicesxbtmcvw.png,building_facade
sun_bhgfrjxthmegwkbu.png,building_facade
sun_bashbnpnxflmstxu.png,burial_chamber
sun_azmstoyzslgczgvt.png,burial_chamber
sun_bfvbfqarlakysess.png,burial_chamber
sun_bbxnrfpgfhnlfdzx.png,burial_chamber
sun_bbsqijdywpmqtdtj.png,burial_chamber
sun_aackmxuaumbyjrvf.png,bus_interior
sun_anuccyypakddkvpd.png,bus_interior
sun_aehmwnhywonrztaf.png,bus_interior
sun_anoysehdxqvtblch.png,bus_interior
sun_ayssmvnrwfowflaz.png,bus_interior
sun_aqcpqawhbhduevtz.png,butte
sun_aomfabtifhzkcbdg.png,butte
sun_awzjlghepeldohpz.png,butte
sun_bydcaakthxrsxfui.png,butte
sun_avdworktnhijejlc.png,butte
sun_bfcwqknzklhesmsz.png,cabin_outdoor
sun_akbmrcehrbmeolgj.png,cabin_outdoor
sun_bxahqdyqpausckwh.png,cabin_outdoor
sun_bousoedboylwfefu.png,cabin_outdoor
sun_begjsohwfecizxjd.png,cabin_outdoor
sun_bnuklyhtxhqbatot.png,cafeteria
sun_brwfhwfvwprvdnsg.png,cafeteria
sun_ahawfngukizslzsd.png,cafeteria
sun_ammbnoambmhdxdwd.png,cafeteria
sun_aiycurtqsfkvcaso.png,cafeteria
sun_atnfukcihjutwbhn.png,campsite
sun_aodtijqkwsygbegt.png,campsite
sun_asoszlnqrbrczqdj.png,campsite
sun_aticvjcuwokplfte.png,campsite
sun_aznfgkdyhcasqufx.png,campsite
sun_auvnnqefobhtrhyj.png,campus
sun_buqdwtmwwpfhixrp.png,campus
sun_dvepclpcmqjjcuqo.png,campus
sun_byqkwwucryiwcxff.png,campus
sun_bcdufifeiskcurcp.png,campus
sun_bnozuvoxisdxvifu.png,canal_natural
sun_bcxdkojvysimgjfx.png,canal_natural
sun_bcejoffuxavpzbjf.png,canal_natural
sun_bmqesbzvivvecddd.png,canal_natural
sun_biwjtjbrkjosclay.png,canal_natural
sun_birjrgxyjrzhdrng.png,canal_urban
sun_bcjryaqtmitnetbc.png,canal_urban
sun_beudzcwlnlyqilto.png,canal_urban
sun_bsdnohndctxdsaha.png,canal_urban
sun_bnudgebylmrjsrya.png,canal_urban
sun_anepqgxfijgwjkem.png,candy_store
sun_azqeijruetwsfifb.png,candy_store
sun_acgnzuuseaxyivpx.png,candy_store
sun_ayistaubigrrjklt.png,candy_store
sun_alrysulkkfkuicub.png,candy_store
sun_axcbhkbnagrqigzm.png,canyon
sun_awveoicsojsrziij.png,canyon
sun_abplnvvcxkcovrqi.png,canyon
sun_axljaxganxwfqoru.png,canyon
sun_aritoauaosustgra.png,canyon
sun_acclngswciyrjytf.png,car_interior_backseat
sun_akgvxfuhgujhjjpq.png,car_interior_backseat
sun_axsnrmeoojcyvtfv.png,car_interior_backseat
sun_alxwctpznvhdmofk.png,car_interior_backseat
sun_aucwamlslizinasd.png,car_interior_backseat
sun_dpsfnbvpszeebnam.png,car_interior_frontseat
sun_dktnxnesgicnwrmc.png,car_interior_frontseat
sun_brdgfyrfccwrgnqr.png,car_interior_frontseat
sun_blfirrlwwifwelee.png,car_interior_frontseat
sun_dvstfjpskuyhigjy.png,car_interior_frontseat
sun_awycwytxvkewhczo.png,carrousel
sun_alzxzrwqvsuffwri.png,carrousel
sun_asftrklxizngxfas.png,carrousel
sun_aadqjcsvidqnqzzt.png,carrousel
sun_bgjrtiivbwugxhxp.png,carrousel
sun_asagxsreouakefyc.png,castle
sun_aiiznvzxcqhviikn.png,castle
sun_akltcbkzrqttydda.png,castle
sun_aucmdjfiwkckoblr.png,castle
sun_agloxzhvkzodurph.png,castle
sun_aeyoeoscvwmxyern.png,cathedral_indoor
sun_brqhdtmjbvekbgyb.png,cathedral_indoor
sun_ayovuzbxjucqhbao.png,cathedral_indoor
sun_abghrjwhyotnsqlo.png,cathedral_indoor
sun_abwkqvpdyigssyxa.png,cathedral_indoor
sun_btlolpsghvngqjst.png,cathedral_outdoor
sun_bdelvyhhxnmyexmr.png,cathedral_outdoor
sun_btxtuvzulbqikoiu.png,cathedral_outdoor
sun_bewrnzspryjjsdbl.png,cathedral_outdoor
sun_bduaixgrpgbghqcm.png,cathedral_outdoor
sun_atuvmptukfwuhcaf.png,cavern_indoor
sun_aigoeesjpnlxivax.png,cavern_indoor
sun_azxfkkgzwnduoqka.png,cavern_indoor
sun_absxzamwemzkegmz.png,cavern_indoor
sun_aqsyvbwpnbjiotkt.png,cavern_indoor
sun_anxvokcnbgorcxsb.png,cemetery
sun_ahgoshovjjkchffm.png,cemetery
sun_ayawzjmecovufltt.png,cemetery
sun_asjhjualiqfjjxlg.png,cemetery
sun_adzohqnwmnqyeqxb.png,cemetery
sun_aybwurcxrgenfupp.png,chalet
sun_acvqlpihddkrdsjr.png,chalet
sun_avynalngsqjqdoxi.png,chalet
sun_akmamktsodsljmlk.png,chalet
sun_aeyhqikjypxeolsf.png,chalet
sun_dzeksjrfwissivee.png,cheese_factory
sun_ddcfwwvqwxhasoua.png,cheese_factory
sun_dzjahlyxdmctyola.png,cheese_factory
sun_dwbgpjdqastrcbkc.png,cheese_factory
sun_dywoyueatmitzmla.png,cheese_factory
sun_ajadvewmegqmgagz.png,chemistry_lab
sun_bdmjnosurlritzai.png,chemistry_lab
sun_aedpfwkiwaclnhlo.png,chemistry_lab
sun_bvunqtjezqgjkfqn.png,chemistry_lab
sun_bignjiblzcbyzdoo.png,chemistry_lab
sun_atdaqomfljzquqcg.png,chicken_coop_outdoor
sun_aucfgnifiwnlrtsa.png,chicken_coop_outdoor
sun_ajujghcjcfkzfqjk.png,chicken_coop_outdoor
sun_azcrthaogmgkrznp.png,chicken_coop_outdoor
sun_azdvlbhwwjpqwspv.png,chicken_coop_outdoor
sun_ahinlwkscbkxrxqu.png,childs_room
sun_apmhovgvmxvpdxlw.png,childs_room
sun_arqzoklemrbeqazb.png,childs_room
sun_ayixugdbacarkopm.png,childs_room
sun_aafqetztbkmzxsif.png,childs_room
sun_alkqvjonkkzzbzzi.png,church_indoor
sun_bzphvplujtqppajx.png,church_indoor
sun_asdvujhufxfopyff.png,church_indoor
sun_bvvfevxgxdbnwkdo.png,church_indoor
sun_bexqjamavdurzwou.png,church_indoor
sun_bupldmyiogtiznnr.png,church_outdoor
sun_bzzorzbarvqzfkkt.png,church_outdoor
sun_bxsxinaguigskimz.png,church_outdoor
sun_bdlqyccsvvwnnomz.png,church_outdoor
sun_bofkzhddisigfdwb.png,church_outdoor
sun_burisorwirbwwpki.png,classroom
sun_avinhlnmelujhfux.png,classroom
sun_arfsltlmiwgxorwr.png,classroom
sun_ausqyahjtatjoasv.png,classroom
sun_aueyzlbrocczurev.png,classroom
sun_aytnkuigtfedfuxo.png,clean_room
sun_bfniyetwimeldque.png,clean_room
sun_ainvjlcupeqwowdc.png,clean_room
sun_bohzkwkaikjgfcvh.png,clean_room
sun_anuugheuandexaxq.png,clean_room
sun_bprocfhohvyevfet.png,cliff
sun_amttpvaevkanjyms.png,cliff
sun_boopkrddeylhyrra.png,cliff
sun_byprznizglpmyswv.png,cliff
sun_bzkcvrskrmuqjlhh.png,cliff
sun_bcrpsqrkfdcfxeez.png,cloister_indoor
sun_bfmwfbbfbsxrjxnt.png,cloister_indoor
sun_agzpvimusqvinafc.png,cloister_indoor
sun_bsykwzjqxggxgpbz.png,cloister_indoor
sun_aastptdxbxbeiyto.png,cloister_indoor
sun_awoafxpkvztomgwt.png,closet
sun_amtugpqionwfaitt.png,closet
sun_auubpayscjcxyypt.png,closet
sun_ahlaslozkkgkrxlk.png,closet
sun_axiodxlcauklnxet.png,closet
sun_aicyakexfevdjfib.png,clothing_store
sun_btwcubkisczvumaf.png,clothing_store
sun_bykulylhgrhjezbh.png,clothing_store
sun_btitjwtkbfvxxjir.png,clothing_store
sun_abmipmtqvlyxgafg.png,clothing_store
sun_awdbvxtuukoapvxt.png,coast
sun_ajjbdzmdpvrckwmh.png,coast
sun_apgzmmrheaequxkk.png,coast
sun_ashqdybzrscmozvw.png,coast
sun_azvkkjwzzrswqebz.png,coast
sun_avdsyxmltrmvdowh.png,cockpit
sun_acfxouwyduazdrjw.png,cockpit
sun_agrqezteutcjldef.png,cockpit
sun_axkrfugcffmazfic.png,cockpit
sun_cmpwrjljmpxaomfi.png,cockpit
sun_bzumhtdauolwwpld.png,coffee_shop
sun_bqqpfbusjnjhwayo.png,coffee_shop
sun_bbiuiqygsbxmtvfb.png,coffee_shop
sun_bxqqxwxvafkrpfje.png,coffee_shop
sun_bloeoiozwjjsiamp.png,coffee_shop
sun_baxjybmppblnfxwb.png,computer_room
sun_bvrzhwjmndjntmrd.png,computer_room
sun_baslxatlagtzcmtl.png,computer_room
sun_byhcvjxqnxhccxyk.png,computer_room
sun_amsxrikcuhcctcic.png,computer_room
sun_bllfgnmntfhurexa.png,conference_center
sun_bjkhzusrmlwsxbra.png,conference_center
sun_bqqvtwsncvxqufue.png,conference_center
sun_bxxxflrbyhbakacb.png,conference_center
sun_bybymzvbxgvcrwgn.png,conference_center
sun_bsdggsnvseffqhed.png,conference_room
sun_bvadugdspdiyatas.png,conference_room
sun_bitvseyrkpkaitod.png,conference_room
sun_bpsrgnaguxblvsvl.png,conference_room
sun_buzgnthoayjozqrw.png,conference_room
sun_belxunkludvdakbq.png,construction_site
sun_azrngzjhjsvqogux.png,construction_site
sun_amzfaaifcljsejcp.png,construction_site
sun_axwcyaktpqwnmtup.png,construction_site
sun_aikqsqvvzmlsithy.png,construction_site
sun_aelzjtbxluarmkwi.png,control_room
sun_amjeharpteceokak.png,control_room
sun_aqbaaqeojrexbmcr.png,control_room
sun_ahvaoneopufydell.png,control_room
sun_awwnbkjycouocmzd.png,control_room
sun_aioeiallqtbfjymn.png,control_tower_outdoor
sun_aacekspsxnilxmlb.png,control_tower_outdoor
sun_asfmsldgyklakjqm.png,control_tower_outdoor
sun_awhauhtowsrzhweh.png,control_tower_outdoor
sun_axueibjqhjhofylo.png,control_tower_outdoor
sun_atmxdkrnymjzbcnj.png,corn_field
sun_aftfwqztcdyulcfl.png,corn_field
sun_awxqholhemggfdnv.png,corn_field
sun_aochwmrmihojanwr.png,corn_field
sun_awmdmhfqjhaiapjc.png,corn_field
sun_akrdzuurrlitqjdv.png,corridor
sun_aqrixbpdrlracxsw.png,corridor
sun_aorgavukezzcysrk.png,corridor
sun_aceuokyqoqhfsper.png,corridor
sun_amdsijhmjiunojms.png,corridor
sun_bxdujtxtqvimgcrj.png,cottage_garden
sun_bxhqkswdztfjlogx.png,cottage_garden
sun_bqeluydlsiyvdvzx.png,cottage_garden
sun_aelvlqexqgwgmwxc.png,cottage_garden
sun_abuaiinyegtbzuxg.png,cottage_garden
sun_adhidumqwnlzipih.png,courthouse
sun_agkxxqnnwbazqygc.png,courthouse
sun_aigujudcinwafrqo.png,courthouse
sun_aylshdnughbogvpg.png,courthouse
sun_aiyyoznfcwvcogaf.png,courthouse
sun_acafxnfmbtjoupvz.png,courtroom
sun_ayvlfucdqzqjrmhy.png,courtroom
sun_aroqrlezamgjfcoi.png,courtroom
sun_agfzeirwtkbdqehi.png,courtroom
sun_amiabbtnhsniqxxi.png,courtroom
sun_bpvgiuarfetinfdj.png,covered_bridge_exterior
sun_bfpvdiidfhykxyvn.png,covered_bridge_exterior
sun_bvokewkgutqykxga.png,covered_bridge_exterior
sun_bshbixtyrioalvip.png,covered_bridge_exterior
sun_bpqornjxtulmihwe.png,covered_bridge_exterior
sun_bdrcfchcpaldecta.png,creek
sun_bsgvhkfbcdxxihwo.png,creek
sun_bdiwlljpmliivkyf.png,creek
sun_bdpigbyfxqlzrzlp.png,creek
sun_bwomfrxacbvxzekp.png,creek
sun_alotohxgvdhrbzjl.png,cubicle_office
sun_adzpfrapetechsfs.png,cubicle_office
sun_acxojtvutlkaurza.png,cubicle_office
sun_aqsugbctmlktryvw.png,cubicle_office
sun_ajemqpllzueglsic.png,cubicle_office
sun_bhvdcsumgmncffse.png,dam
sun_bphiwtwduthgcxgn.png,dam
sun_boqjoybowlbmweje.png,dam
sun_byujwnqthoewfezt.png,dam
sun_awgdaeuzimwxnitg.png,dam
sun_alhseeozcjpajeio.png,delicatessen
sun_axzwuynxcxhtjupy.png,delicatessen
sun_ayxztmagpqwgnuql.png,delicatessen
sun_awhnjywklfthfwmk.png,delicatessen
sun_aiyateqpyzjsizas.png,delicatessen
sun_aztbwfaaxqpfjxtj.png,dentists_office
sun_autalkozwzfsuuqt.png,dentists_office
sun_auotjecsnkqcjofz.png,dentists_office
sun_auaspqtzbulixqaw.png,dentists_office
sun_aesmjndpoqogyfap.png,dentists_office
sun_bdvfsuhpokltwttm.png,desert_sand
sun_bnsrnpeqactqrcuy.png,desert_sand
sun_bgwdwaeuakbmuxeg.png,desert_sand
sun_bkdvbhqtrfvxwqzn.png,desert_sand
sun_bzpjfetivojhplyc.png,desert_sand
sun_bfsroeazaidaoltr.png,desert_vegetation
sun_acmxnsedgirrlcgi.png,desert_vegetation
sun_bihzlyaiqnrhvsek.png,desert_vegetation
sun_aimgpzwaczlgqief.png,desert_vegetation
sun_bhvuqwhhdrfmwhjd.png,desert_vegetation
sun_akyvvdrfhhpkxguz.png,diner_outdoor
sun_axzvrleiewzlqgcn.png,diner_outdoor
sun_ascgpmqebjzymcmi.png,diner_outdoor
sun_awxstfbbxwgqzijp.png,diner_outdoor
sun_awiedvycwnyykijc.png,diner_outdoor
sun_bwejrnxklcvyppeg.png,dinette_home
sun_bfufeysqtftjmfuy.png,dinette_home
sun_bkxtppavkyxkskcy.png,dinette_home
sun_bsywfkspmpaelmbu.png,dinette_home
sun_bllkndonlhkoobtd.png,dinette_home
sun_bttjqmpassdojuww.png,dinette_vehicle
sun_bvnzergmkvtrmieb.png,dinette_vehicle
sun_bwuazhvukqbjrekc.png,dinette_vehicle
sun_brchwspeeunoiiii.png,dinette_vehicle
sun_bfuchcuyacqdodaw.png,dinette_vehicle
sun_aowiyunizehotuwc.png,dining_car
sun_aqrabcfiiwurrxir.png,dining_car
sun_arqxmdkaavpzmlsf.png,dining_car
sun_aqeoapwuldyxondf.png,dining_car
sun_afizqjodvavccawl.png,dining_car
sun_bufdvpbsyfromtaq.png,dining_room
sun_bubwbwfiadpnfnmw.png,dining_room
sun_afgqszlurifiuhge.png,dining_room
sun_bkegtxfywalgsnpt.png,dining_room
sun_blxpgrolcsoyffdu.png,dining_room
sun_bkctmeakwpethtjw.png,dock
sun_btkfxtbtpkljhbnu.png,dock
sun_bubeuobcfzftxdju.png,dock
sun_bjdkdxjfpmmacqtl.png,dock
sun_brjavmbhmewbymqa.png,dock
sun_azluyvkfffjfzvgx.png,doorway_outdoor
sun_algzpsdpasysjynx.png,doorway_outdoor
sun_bswtasbcsdaqkhmw.png,doorway_outdoor
sun_bzzthycspumivnin.png,doorway_outdoor
sun_bqbhwtpqtgfhukck.png,doorway_outdoor
sun_bdsuwshucmlylypq.png,dorm_room
sun_bxipuvzrzclhecoa.png,dorm_room
sun_biemgsbfologmbxx.png,dorm_room
sun_bieydjzghogcuche.png,dorm_room
sun_brmvtualioiyddad.png,dorm_room
sun_alsovurcebalnckj.png,driveway
sun_asghxbvkhnkygpuq.png,driveway
sun_aesaekvccktziazd.png,driveway
sun_arwcwpdohtfcqmca.png,driveway
sun_adnvgfxnkjimrlzh.png,driveway
sun_btjsvbkmjyurwnjc.png,driving_range_outdoor
sun_bvtxhnhosgmrqdqj.png,driving_range_outdoor
sun_brjbtkwrbnxdbipk.png,driving_range_outdoor
sun_bmbbtroabdvhvlhf.png,driving_range_outdoor
sun_bowcanmkzrxjcsyb.png,driving_range_outdoor
sun_anfplyloxlsomyad.png,drugstore
sun_aekvmhlnyqeuiqha.png,drugstore
sun_dtomtzsvreainpag.png,drugstore
sun_aogrjjelveuftxwk.png,drugstore
sun_ajiqqgredizowbgu.png,drugstore
sun_amkrexmzqdcufnah.png,elevator_door
sun_atqcpxguurfkuhnq.png,elevator_door
sun_amvyzgieqllyakod.png,elevator_door
sun_azbuzftxkdpmdyzm.png,elevator_door
sun_agahwoovewlukywf.png,elevator_door
sun_axecntygrkzmnrbj.png,elevator_shaft
sun_agtcwwbzxopcbizr.png,elevator_shaft
sun_azlzkzhjfgyveovh.png,elevator_shaft
sun_aefcbrgrtkkhfznu.png,elevator_shaft
sun_aykzcanmbpokcood.png,elevator_shaft
sun_bjivwvyrzuvrchti.png,engine_room
sun_bynznvdclrjaxpzk.png,engine_room
sun_bxquoddofshilqhe.png,engine_room
sun_ajilxnxswzeajiua.png,engine_room
sun_bccnapeyuiitgzxz.png,engine_room
sun_bcvmusqfweuqeedv.png,escalator_indoor
sun_bakzkyvdxsgijlgm.png,escalator_indoor
sun_bdhltjoqtmyxhljm.png,escalator_indoor
sun_bquqmlkathlolyfo.png,escalator_indoor
sun_btrcqkwfznxwmrqn.png,escalator_indoor
sun_biqrgcouxiysrxxv.png,excavation
sun_bpcftshsjyxvpvlf.png,excavation
sun_bsejhpomauvjfnbm.png,excavation
sun_bwpetxzxuvepywte.png,excavation
sun_bfawzoltmzmcmhfi.png,excavation
sun_bkucgyejzvbtoqav.png,factory_indoor
sun_bcqkwacbjykcbsqi.png,factory_indoor
sun_biipoielavkspiqe.png,factory_indoor
sun_bdrtzmvpvjjjhfkf.png,factory_indoor
sun_buxiatdzwasoiukc.png,factory_indoor
sun_btyjprilyfyzpbjv.png,fairway
sun_bsdfqzpwwzcboiub.png,fairway
sun_bzzhcxocqdbmqtdt.png,fairway
sun_bbkrinncmvljylmc.png,fairway
sun_bwaeoxdssornxdzd.png,fairway
sun_abdczrckndvowcuw.png,fastfood_restaurant
sun_blrdlpwdywvqegru.png,fastfood_restaurant
sun_amnuohiykcfqgvft.png,fastfood_restaurant
sun_bnmikgydcgeanztc.png,fastfood_restaurant
sun_aqrxlonzxujlwehg.png,fastfood_restaurant
sun_bbqlzqeivhkkapne.png,field_wild
sun_bsyofgkkvqjlirwa.png,field_wild
sun_axpveqtdzyhpqyev.png,field_wild
sun_bdctcvpcmzqhcmfj.png,field_wild
sun_bhizxrsqlchryhhv.png,field_wild
sun_avachejdscjkngdn.png,fire_escape
sun_asegovooeshozcdh.png,fire_escape
sun_aqetigpralawagfl.png,fire_escape
sun_aampazmnmsxlwwwr.png,fire_escape
sun_alqmqymrljxfqbpe.png,fire_escape
sun_bblfnpicekdknpfd.png,fire_station
sun_bebtaahxpldhjrna.png,fire_station
sun_bclxaowhmcjxxyup.png,fire_station
sun_bsyojodrkyqyrsur.png,fire_station
sun_bkbvakgmxqftttgc.png,fire_station
sun_bevudzoepcrjskws.png,fishpond
sun_byhsmspbuhedbgpq.png,fishpond
sun_btbmkkckrohiamrc.png,fishpond
sun_bbsevjzddeawnmko.png,fishpond
sun_bqfhmkfaidjdjruy.png,fishpond
sun_azdnskgxzhborziq.png,florist_shop_indoor
sun_abnkpmayghxdvfig.png,florist_shop_indoor
sun_advvjenltmhprwfi.png,florist_shop_indoor
sun_amrrjqquiadyblpv.png,florist_shop_indoor
sun_aqjarzbazaghifzo.png,florist_shop_indoor
sun_bwmqfugxntaxbodl.png,forest_broadleaf
sun_anvrixbclgrqwwyg.png,forest_broadleaf
sun_bojegsnaoubwaamt.png,forest_broadleaf
sun_blxvkigunxozwgcz.png,forest_broadleaf
sun_bldpbdihrcxgnuco.png,forest_broadleaf
sun_bxrjxxbavrhxhckd.png,forest_needleleaf
sun_bjpryaalypkmqtnw.png,forest_needleleaf
sun_bgrrrlvcogamhmnf.png,forest_needleleaf
sun_byyxvtxlqfyyfxsp.png,forest_needleleaf
sun_bzvldfwaopjftans.png,forest_needleleaf
sun_apdixtwtaavqqonf.png,forest_path
sun_anrpxwajunxbolfb.png,forest_path
sun_adaylgrrsdyzwsop.png,forest_path
sun_atypssaymyjhxkpk.png,forest_path
sun_anwslxkaxvqvypzz.png,forest_path
sun_ahuuqwuiimtlymux.png,forest_road
sun_biclmmlgmotxrzkh.png,forest_road
sun_bzmhfxaufoqjxrxg.png,forest_road
sun_blvieidqiaxgwfjr.png,forest_road
sun_bkcscxrnwwqnbstu.png,forest_road
sun_bemplgmjdmhdyskq.png,formal_garden
sun_blnookkatnsqgson.png,formal_garden
sun_bqipunssaycegvhy.png,formal_garden
sun_byyajrvjnpnuopdi.png,formal_garden
sun_btrwxphygxfdynkm.png,formal_garden
sun_adwvdrthivwjdnoq.png,fountain
sun_anxhruonipwfydod.png,fountain
sun_ahbuavbvaffsgffr.png,fountain
sun_altqhwdkhhelfrdm.png,fountain
sun_acwcxcfulvbjhqbm.png,fountain
sun_baubhfrhpngqypqr.png,galley
sun_bbmfdpqkrxfwzvaq.png,galley
sun_adwucyplebawahma.png,galley
sun_bxafshqdijjbpdaz.png,galley
sun_bxtfzakpnwrxhxcq.png,galley
sun_bgjjsalgrydbrqjl.png,game_room
sun_bmaeyuivtpgiakzk.png,game_room
sun_brahopjmnaqwwmmx.png,game_room
sun_bcjxyczroqzvrngs.png,game_room
sun_bajturvqnlhysneq.png,game_room
sun_bwlgasqbvouhxzgq.png,garage_indoor
sun_buovyzpmpixtfczy.png,garage_indoor
sun_aflimfqnnitwlrnb.png,garage_indoor
sun_bfvkmevbubaipchz.png,garage_indoor
sun_bujlksmdrnkuvdzc.png,garage_indoor
sun_abvcwkmmpmjruuhb.png,gas_station
sun_aebldafyhgsuczcd.png,gas_station
sun_ahbvxezbavapqote.png,gas_station
sun_aoazbzmyvzxdellz.png,gas_station
sun_bpskxgpcrpflumtc.png,gas_station
sun_aqsmsbksghehyjmm.png,gazebo_exterior
sun_amlushkvkmkboxwl.png,gazebo_exterior
sun_avzseplowerqbeex.png,gazebo_exterior
sun_aaarfmdkojiusxxl.png,gazebo_exterior
sun_apwjzdyxbrwpnwej.png,gazebo_exterior
sun_bnlgipfpzrbgnrfz.png,general_store_indoor
sun_bgefqycztqzquikr.png,general_store_indoor
sun_bheohfujdgqkjcmr.png,general_store_indoor
sun_bkjoksqxwfflylyr.png,general_store_indoor
sun_bubvtxesjajenlqt.png,general_store_indoor
sun_bcxzdapcjzbbhsqm.png,general_store_outdoor
sun_bvktagqrtddksxsr.png,general_store_outdoor
sun_bwxabemozafvwqwo.png,general_store_outdoor
sun_bjthkfmyekdkjwln.png,general_store_outdoor
sun_bfbagoiqwftdyyer.png,general_store_outdoor
sun_bfypfzsgriwvvixd.png,gift_shop
sun_bokdujqfvounvosu.png,gift_shop
sun_bifbfseaqcgygyoo.png,gift_shop
sun_bqakgkpsafzbnpyc.png,gift_shop
sun_bgjqgwpsbclcnhct.png,gift_shop
sun_bblmhhwgomincsmt.png,golf_course
sun_anbnxzmccfzzvhvs.png,golf_course
sun_beissakbdndzhwpk.png,golf_course
sun_aokeiykmgjwvzttw.png,golf_course
sun_aadihymrhoihkumi.png,golf_course
sun_behmztszxhfywbml.png,greenhouse_indoor
sun_bkvvyhrnhmrrneyt.png,greenhouse_indoor
sun_bdejjkuncsbjavzh.png,greenhouse_indoor
sun_brkabaozbwvitgxf.png,greenhouse_indoor
sun_bsmvdfnjlulewkpr.png,greenhouse_indoor
sun_bxohjmmbpglcqtjj.png,greenhouse_outdoor
sun_boirpwdzglpdlmkg.png,greenhouse_outdoor
sun_bctqadrweuguozsq.png,greenhouse_outdoor
sun_bsirenasjenoyhwy.png,greenhouse_outdoor
sun_bqbrqaxchjzarsjp.png,greenhouse_outdoor
sun_abluxelximwwmuuu.png,gymnasium_indoor
sun_bgcbfzhqiswnvvnn.png,gymnasium_indoor
sun_bhormfokawttatgc.png,gymnasium_indoor
sun_bxpkentrzeqdlqck.png,gymnasium_indoor
sun_aeuhgepysvizzcme.png,gymnasium_indoor
sun_bwpajdzkwlgtdkvo.png,hangar_indoor
sun_bijmqyaglnrzqfku.png,hangar_indoor
sun_bwetgwjnbynkijfa.png,hangar_indoor
sun_bolmagkqumbypozc.png,hangar_indoor
sun_bpvpmstgdqmdjoqh.png,hangar_indoor
sun_bfruzldfozxhbesb.png,hangar_outdoor
sun_bnnmdrrmclgnywlw.png,hangar_outdoor
sun_bybwwggbjkvmvvsk.png,hangar_outdoor
sun_bmxqakxclskcffrf.png,hangar_outdoor
sun_bjcualvhnykgsjyi.png,hangar_outdoor
sun_bxsncwltwrecpefm.png,harbor
sun_baisnwytcqcpgavt.png,harbor
sun_bhxpmohdpqnzfkhy.png,harbor
sun_breoaiizcipfnqab.png,harbor
sun_bsaoeebxsvspudbq.png,harbor
sun_bnlzfdydpikkvobh.png,hayfield
sun_abokeplpazkdxpps.png,hayfield
sun_bxqumcisxaaevuok.png,hayfield
sun_blrwitwahfvzqpxs.png,hayfield
sun_basrkemwvzeyolvk.png,hayfield
sun_azjljcrmqlmawtbm.png,heliport
sun_aaqmxnxoyktxhiwh.png,heliport
sun_agrjebdfoyttpnap.png,heliport
sun_aopyvswsqulaluiu.png,heliport
sun_ablltreyppizkotj.png,heliport
sun_bizvmlpygibosngq.png,herb_garden
sun_buhgqccnbhmqgupm.png,herb_garden
sun_birzjkswnrkcieqk.png,herb_garden
sun_bdzizggydvbzazkx.png,herb_garden
sun_bftqvufsnsaycbao.png,herb_garden
sun_auwrraazjwdcjcjg.png,highway
sun_aryoqikeoguqirey.png,highway
sun_bgnmlxbfxvlbssfe.png,highway
sun_bkgwnjebvsccilhm.png,highway
sun_ajewicelqnljfrit.png,highway
sun_bfzknarnumqnbeqg.png,hill
sun_bpaicvuevfqvwsqc.png,hill
sun_bmkabysemdexzaoj.png,hill
sun_bbdshuytuykokcnu.png,hill
sun_bhdodffwxvtqotdz.png,hill
sun_bivsgwnbqjyrtlwn.png,home_office
sun_bzfnrusonorlauzf.png,home_office
sun_bmsvytlzdpjcidiv.png,home_office
sun_bxqepaomktavpztc.png,home_office
sun_bwhttmaphjpnylet.png,home_office
sun_bgbbpwzzfsiasqvv.png,hospital
sun_bdgtisllfmzjenxw.png,hospital
sun_bucuqibiwiiblyia.png,hospital
sun_blfnersifcmzaxqr.png,hospital
sun_bflxwpbevfzyspmt.png,hospital
sun_agitjjtogdteybqa.png,hospital_room
sun_anvodyjdsggscsle.png,hospital_room
sun_aepgkbouqieiaooe.png,hospital_room
sun_ajvxdivvhxzjwjts.png,hospital_room
sun_bkvjqgmploznrhxt.png,hospital_room
sun_bfmfmwnwaplhogbj.png,hot_spring
sun_ayhkvrhsgkijupnw.png,hot_spring
sun_blcjyozpqdyuwjkh.png,hot_spring
sun_bhhvaejtcvichkpm.png,hot_spring
sun_blmqhexytbgvxtfc.png,hot_spring
sun_biazkvmtmvicrnmp.png,hot_tub_outdoor
sun_bnjjvqfscbfxhhgw.png,hot_tub_outdoor
sun_bgjbdhubbegvtmkv.png,hot_tub_outdoor
sun_blaxllyywlqrpqua.png,hot_tub_outdoor
sun_bjcwnelmvddrpwte.png,hot_tub_outdoor
sun_bfqbvblfjyloakjb.png,hotel_outdoor
sun_bkbqwdqlezhxycww.png,hotel_outdoor
sun_byyoxsewzibkaswg.png,hotel_outdoor
sun_bdxuykjhqrjxkqjl.png,hotel_outdoor
sun_btgarlwiahaqzqew.png,hotel_outdoor
sun_akcjhylvxeufyjjh.png,hotel_room
sun_bebgpijsqeczgafr.png,hotel_room
sun_aldiqdwgauilevkh.png,hotel_room
sun_bszmynrchdzpggxy.png,hotel_room
sun_axzbjpurqckbztvb.png,hotel_room
sun_bmranzdqyutgllss.png,house
sun_blifcjesampnahex.png,house
sun_bkqjiwqzupabsuuv.png,house
sun_bdlnnvdpzwcxdohh.png,house
sun_blubgafnjndrjqiv.png,house
sun_bexijeznhicllkgn.png,hunting_lodge_outdoor
sun_bkbffczhbivzdefr.png,hunting_lodge_outdoor
sun_bxzzutfjxdmvpwcn.png,hunting_lodge_outdoor
sun_bkdeshnqeekulgmf.png,hunting_lodge_outdoor
sun_bwwizcnmdumxllgf.png,hunting_lodge_outdoor
sun_bzayvogardiuufor.png,ice_floe
sun_bqupknowrmgvsacn.png,ice_floe
sun_bwwzgyontxgvudgu.png,ice_floe
sun_bsxzjawfsmcfbxzg.png,ice_floe
sun_bqjuovyovmqpjdxv.png,ice_floe
sun_bssiqcjaiiyqmpqg.png,ice_shelf
sun_bzwymbcoqqufdyfl.png,ice_shelf
sun_bqtcyewednaaywqs.png,ice_shelf
sun_brpwztmgmcdwbczi.png,ice_shelf
sun_bitodgqflfykstrr.png,ice_shelf
sun_bjxlqavifatxtwjt.png,ice_skating_rink_indoor
sun_bmoukevlstbelajx.png,ice_skating_rink_indoor
sun_brdftbxacesbcdgl.png,ice_skating_rink_indoor
sun_baptzvwxhkpzqtua.png,ice_skating_rink_indoor
sun_bvsjcozktubjuixy.png,ice_skating_rink_indoor
sun_ahgpuyjjaigczdjf.png,iceberg
sun_axpmegiepvvkcnly.png,iceberg
sun_arzjdlficsywzzxe.png,iceberg
sun_aaysiohzbbdyrddc.png,iceberg
sun_aryysosahbqjlhyp.png,iceberg
sun_abdagkpekttzgeks.png,igloo
sun_amkuuhdadzzzfvni.png,igloo
sun_afwtvwqbxpipnabd.png,igloo
sun_acbnfcctoyssyvie.png,igloo
sun_ajpcddiyaryyekgz.png,igloo
sun_bevfcvatltvrppif.png,inn_outdoor
sun_avnxhhsfmpbdaopj.png,inn_outdoor
sun_bclnphgtvvcsulcu.png,inn_outdoor
sun_bqicaqmboiaqokue.png,inn_outdoor
sun_bkeakwwuorrvdesj.png,inn_outdoor
sun_bueuntcxwgxsfkis.png,islet
sun_ckhkdzmhpitbkdkc.png,islet
sun_bcmfupqdwpupcwns.png,islet
sun_akwiywaquuwvcixm.png,islet
sun_bxdkavmkskboefhl.png,islet
sun_ankgbmgntdzaofeu.png,jacuzzi_indoor
sun_busbvoeqhhqblefb.png,jacuzzi_indoor
sun_bisoxskpwmqoxaag.png,jacuzzi_indoor
sun_blrtnkglaaizjezx.png,jacuzzi_indoor
sun_dbmzuhirhecedufl.png,jacuzzi_indoor
sun_alebmrufxkmvdazd.png,jail_cell
sun_azzjrimwnymwryjx.png,jail_cell
sun_betqvjrqhrmcajcb.png,jail_cell
sun_bjzofovqbfxtmaju.png,jail_cell
sun_byozqtwkrnkzxaoq.png,jail_cell
sun_alpuqwdcwzfoohan.png,jail_indoor
sun_abgxynrdquqkpegr.png,jail_indoor
sun_bhnwkiyrkkgnefwf.png,jail_indoor
sun_boufgidjpgeuekbq.png,jail_indoor
sun_btgzbfqbpfnxxubs.png,jail_indoor
sun_acygqcsddzddfxdg.png,kasbah
sun_ablbdwfvmdkcfxka.png,kasbah
sun_avjbuxbxsfivrlzy.png,kasbah
sun_abmeycbiroafvvoi.png,kasbah
sun_aczxsecpjsxjcvms.png,kasbah
sun_aeoxbagmsshgxswr.png,kennel_indoor
sun_aspzyosxtdhkzahk.png,kennel_indoor
sun_acogctmmxmuoyvfl.png,kennel_indoor
sun_adxskjksxrfjwfuy.png,kennel_indoor
sun_ayspamgqhvpuhhta.png,kennel_indoor
sun_avdopgvwdhrurjcy.png,kennel_outdoor
sun_aftqrthzncibopfq.png,kennel_outdoor
sun_aetnuwjmmgjxuqav.png,kennel_outdoor
sun_aebeqjjddmwjjzyx.png,kennel_outdoor
sun_alnhhgplueakosls.png,kennel_outdoor
sun_atnqwowhlotuclpp.png,kindergarden_classroom
sun_amhygsoqlfgvcnwn.png,kindergarden_classroom
sun_afmyzinsyyriyqub.png,kindergarden_classroom
sun_abolbvukvhubhpjk.png,kindergarden_classroom
sun_ahbahrjecmcqevnk.png,kindergarden_classroom
sun_axyyrmzcupyhlivc.png,kitchen
sun_artrvxkgrvxsvaqs.png,kitchen
sun_attdviyipsljunts.png,kitchen
sun_awvrogxymlfvgbka.png,kitchen
sun_alvoexkareccqxgq.png,kitchen
sun_amwzviotqfacmekh.png,kitchenette
sun_awykxytxhsnrgjmm.png,kitchenette
sun_awumymhzfvuvgohd.png,kitchenette
sun_ahgmmtogcvszynnw.png,kitchenette
sun_accilwvadsvecujd.png,kitchenette
sun_bpcilqrxoivwvdne.png,labyrinth_outdoor
sun_biwcwomnlcgmilvy.png,labyrinth_outdoor
sun_bysogjpucwrlcyvq.png,labyrinth_outdoor
sun_bjcupuhiwzxupeuu.png,labyrinth_outdoor
sun_boqmdvdcpxqaepno.png,labyrinth_outdoor
sun_bnvfgjkgdenrqzuv.png,lake_natural
sun_bkvlvjiymovezhfy.png,lake_natural
sun_bzvdvlppoitgqmmy.png,lake_natural
sun_bqyohbxfirseiccm.png,lake_natural
sun_bjcstycswrsmbctd.png,lake_natural
sun_absoxzwctrlnjgvz.png,landfill
sun_afxcienzdiipcqgy.png,landfill
sun_aptemiigmkoelcen.png,landfill
sun_acmucmjtzrjwrnki.png,landfill
sun_agvakjyhqviyjqpm.png,landfill
sun_bcsltrqbbfzsumzm.png,landing_deck
sun_aqeihowlpdprvqfx.png,landing_deck
sun_avdypgsnqqsbukex.png,landing_deck
sun_bysmbncykvciuqsg.png,landing_deck
sun_arfztiomfuqttdrt.png,landing_deck
sun_awnrimhwfrncspga.png,laundromat
sun_alwjznlvhejgalis.png,laundromat
sun_auuqfgwjayuyytxw.png,laundromat
sun_adoskwanicxyfwdg.png,laundromat
sun_ajqynqzszvofjftb.png,laundromat
sun_bisjjmduzocgpqms.png,lecture_room
sun_axarcshsnqsefemx.png,lecture_room
sun_bakkjircrhqwtrks.png,lecture_room
sun_befmklkjwmrlvjpr.png,lecture_room
sun_bjrkxxgvnxwtdykz.png,lecture_room
sun_bywesmbaobiovqrr.png,library_indoor
sun_bumqeaxclvrfyull.png,library_indoor
sun_bqgdiisknsocgxsn.png,library_indoor
sun_bwvpnrcbzlfihvvw.png,library_indoor
sun_benslgtefebxukci.png,library_indoor
sun_detmwwvooyqdpexe.png,library_outdoor
sun_dqcpslbsbuellmog.png,library_outdoor
sun_daitsuznrfrnugms.png,library_outdoor
sun_dtxwewqpyrtlnlqp.png,library_outdoor
sun_diosfgmekdqexyyp.png,library_outdoor
sun_bogybasqeljvmuuy.png,lift_bridge
sun_blblulildyncrsov.png,lift_bridge
sun_bfetwvxcrsighjfn.png,lift_bridge
sun_bylzknmbiopycyev.png,lift_bridge
sun_bgpcntiiiuvweujk.png,lift_bridge
sun_ayuawxtxqbrlpmuz.png,lighthouse
sun_aatywrsbdbluavkj.png,lighthouse
sun_afnhigxlhzlkoaie.png,lighthouse
sun_ahofjniqorznjqoe.png,lighthouse
sun_ahagmsuehzsysfnv.png,lighthouse
sun_awxenleecdentwtg.png,limousine_interior
sun_apweqkrieytgoicf.png,limousine_interior
sun_afdcgmejbrwqgeaa.png,limousine_interior
sun_acuakodxedalqwqm.png,limousine_interior
sun_abreakywwicnpllq.png,limousine_interior
sun_bpjcjsyixxowjmdl.png,living_room
sun_bndbkdzixliunlbz.png,living_room
sun_bnvcevtzvzsnzmqf.png,living_room
sun_awkhwzafhbdrlgkt.png,living_room
sun_beedelobizyweryx.png,living_room
sun_bfigzmukdtkxxhxb.png,lobby
sun_bntdhpqeejymbasj.png,lobby
sun_bbxtljfyiwpnnbgh.png,lobby
sun_blrezysmfhmmxuic.png,lobby
sun_bndpjbxcteiqcecd.png,lobby
sun_bxhekqasouoqymhh.png,lock_chamber
sun_bwlvpakobhlfvzzt.png,lock_chamber
sun_bolzsneowwuahrnf.png,lock_chamber
sun_bsbepnhfkllnfawy.png,lock_chamber
sun_bgoecsfdwynzflgk.png,lock_chamber
sun_afxhpzsqiykuebcv.png,locker_room
sun_amrnwhhcrashwphd.png,locker_room
sun_bvcrxmmafcwziglu.png,locker_room
sun_budcoucpzqukkerv.png,locker_room
sun_amjxduwonsnknmzq.png,locker_room
sun_bpoqpwlmchbnojdo.png,mansion
sun_baaengmwoneteegf.png,mansion
sun_bxftfolankxjsbkc.png,mansion
sun_btkmuwonupdwnime.png,mansion
sun_bgoiwzufmjixyjdq.png,mansion
sun_bcigoeofjexmbghn.png,manufactured_home
sun_bdaphipvgqwefzyh.png,manufactured_home
sun_bpcalwtxdsdvsrvp.png,manufactured_home
sun_bbubwfwgqybscyda.png,manufactured_home
sun_brcdipdfrotfpeyn.png,manufactured_home
sun_budyhohqkvbawehc.png,market_outdoor
sun_becbzmfedqexoyin.png,market_outdoor
sun_bsnzwhhfcbkgxlvt.png,market_outdoor
sun_bfuctrfemxmunxbq.png,market_outdoor
sun_bleairnlmvyabutd.png,market_outdoor
sun_amskivhvbmabakdn.png,marsh
sun_biewsknlfkpuavdb.png,marsh
sun_arylluczanmwjqaf.png,marsh
sun_ackillobvrmbwpyh.png,marsh
sun_ahqflounpzprmunk.png,marsh
sun_bhaweieutflnnywh.png,mausoleum
sun_bherpogxcapbxyrr.png,mausoleum
sun_byjyynfdylobvlmb.png,mausoleum
sun_btrqlraquceyylsk.png,mausoleum
sun_bfbahymgtqfgowhq.png,mausoleum
sun_banljcigbjcnrhwf.png,moat_water
sun_bmaiocftdtvnzgap.png,moat_water
sun_bzhbdnudcfjlvhhk.png,moat_water
sun_bhhtrmwvoadbfucw.png,moat_water
sun_bxarcshsnqsefemx.png,moat_water
sun_bwyngirmnygwrixi.png,monastery_outdoor
sun_btwulfxhyuvapujt.png,monastery_outdoor
sun_bxvccutjdzbutrdo.png,monastery_outdoor
sun_bykmfkghgnpgwthd.png,monastery_outdoor
sun_bnmbrujyjvxqkdtt.png,monastery_outdoor
sun_attztnajcmneevzb.png,mosque_indoor
sun_bhjuwoaxdrdgsqqe.png,mosque_indoor
sun_abdkucfijyhzjwdd.png,mosque_indoor
sun_awtjgfhdfzpkwwha.png,mosque_indoor
sun_akojxcvbbcjcajzr.png,mosque_indoor
sun_armgoigbuhwxwuwr.png,mosque_outdoor
sun_ayeahxeinjtzanur.png,mosque_outdoor
sun_anlnwclxnlzcdsic.png,mosque_outdoor
sun_adpnimdjxvbcaaug.png,mosque_outdoor
sun_agdolklhpqyffjzl.png,mosque_outdoor
sun_bngitnxojowbtryw.png,motel
sun_bupmycspfhrplzac.png,motel
sun_bvfwdymyjizsirbv.png,motel
sun_bgpmezdwfeklpnml.png,motel
sun_bfyvfqiimvdaxlqn.png,motel
sun_blcfplilhaeruswa.png,mountain
sun_bfknrrxqrtpmrwuj.png,mountain
sun_byhztyvzwhsmkkhh.png,mountain
sun_bvvagpokirtzprco.png,mountain
sun_bhqnpwbpxudzbiqb.png,mountain
sun_bqdcurfhxbxgclsh.png,mountain_snowy
sun_bliqdzegdmaqgkby.png,mountain_snowy
sun_bxzvcqppmizkmxgr.png,mountain_snowy
sun_baxfjkdosftycscz.png,mountain_snowy
sun_bkjeansajzflmwde.png,mountain_snowy
sun_asqyphqglsneluuc.png,movie_theater_indoor
sun_ajvuxxwkdwbfbzrs.png,movie_theater_indoor
sun_apbghnvhpvfqoptw.png,movie_theater_indoor
sun_anqzetsjxvgxvbli.png,movie_theater_indoor
sun_aavbhjizkngwwgjm.png,movie_theater_indoor
sun_bvlogtbldenrikpj.png,museum_indoor
sun_bxvdohnrocruslcu.png,museum_indoor
sun_bnznrolvclezvpfc.png,museum_indoor
sun_biucrrkejqofiucf.png,museum_indoor
sun_brpoxjopmnslgnjv.png,museum_indoor
sun_dsqsjtzzjcmtcczd.png,music_store
sun_diinfmuwcpwhadpt.png,music_store
sun_doyffalaqcbvjmzn.png,music_store
sun_daxbgqevqutlmehh.png,music_store
sun_dtnzywaisgvniooe.png,music_store
sun_aevydkilnuhoseek.png,music_studio
sun_bhhbiqyojxkiwrll.png,music_studio
sun_byukalphpsagnwum.png,music_studio
sun_bckdpvztxhvormnb.png,music_studio
sun_aplbwxtktljuctyq.png,music_studio
sun_azavzehokhflwslp.png,nuclear_power_plant_outdoor
sun_almeohhkbhjhcqgz.png,nuclear_power_plant_outdoor
sun_abixanxgsreeoifw.png,nuclear_power_plant_outdoor
sun_awufkrkrdrdbvvis.png,nuclear_power_plant_outdoor
sun_bshqdybzrscmozvw.png,nuclear_power_plant_outdoor
sun_aebzthvpaouyftan.png,nursery
sun_ahzkcnxntuakjgmo.png,nursery
sun_aplomddyhizgxccz.png,nursery
sun_aszvpysjmexcdbpp.png,nursery
sun_aywwkjlsyepcqgse.png,nursery
sun_adaqrcisdytbarzl.png,observatory_outdoor
sun_aepjmmsymjuekcfe.png,observatory_outdoor
sun_aaeijzjhbdeibdjh.png,observatory_outdoor
sun_abrfjuixgacomvzb.png,observatory_outdoor
sun_bztinnbpwuvzrrmn.png,observatory_outdoor
sun_anttrbcjldhkvmky.png,ocean
sun_bdqydgkbisztohgb.png,ocean
sun_bkazkjiovinsdaqt.png,ocean
sun_aeherdtnoxxjvwsm.png,ocean
sun_bhgxtbnjtmhdjsgk.png,ocean
sun_aooqimbykkzecvyc.png,office
sun_bsxdfqlzbzagmjkw.png,office
sun_bqztysnfffcbvhda.png,office
sun_bzlbrzrmyhczyxbt.png,office
sun_bgaiiqfumzuvnmlf.png,office
sun_bbdxropbksjnmxat.png,office_building
sun_bwtcreuswmwmbqwi.png,office_building
sun_bviohtiexxzqnpkc.png,office_building
sun_bevljkixqxaaatkx.png,office_building
sun_brrmbxqlnhucmqmb.png,office_building
sun_acnawpjquedtdxuq.png,oil_refinery_outdoor
sun_aclldlpvqpkxwuhq.png,oil_refinery_outdoor
sun_aoqxiwkfvmyyputq.png,oil_refinery_outdoor
sun_afpumbfbcfocaczh.png,oil_refinery_outdoor
sun_auohbieuizsluxpj.png,oil_refinery_outdoor
sun_aederluuyyqktfqi.png,oilrig
sun_abwkfmxrrczajrtw.png,oilrig
sun_ajgbrtneyyhkyicn.png,oilrig
sun_awamitppgvaotmty.png,oilrig
sun_affvsjiyenxuwonk.png,oilrig
sun_boxccvvopkkhlowy.png,operating_room
sun_aphxoinopcooqdkc.png,operating_room
sun_bqwbawqujraqyqrh.png,operating_room
sun_acuntvumcrillqnp.png,operating_room
sun_aabyitznzumhlxfw.png,operating_room
sun_bmjtplixqemghubb.png,orchard
sun_betenvxvczoydwwk.png,orchard
sun_afinmakjhofvvybt.png,orchard
sun_axpgcjreuqujllvl.png,orchard
sun_arhsuyqmegcknown.png,orchard
sun_atpbyislwizsnszk.png,outhouse_outdoor
sun_aqzfstcrytxkbfrx.png,outhouse_outdoor
sun_aurhnrmiocivbljl.png,outhouse_outdoor
sun_adlgdbbuechpggnx.png,outhouse_outdoor
sun_agetcjmtbricmpuf.png,outhouse_outdoor
sun_bihhseftugogaqec.png,pagoda
sun_brghwxnerwfqubwo.png,pagoda
sun_bnvktkxjwtcripcc.png,pagoda
sun_bwwdydddfrmtvaaq.png,pagoda
sun_bbpsbsljrcmfvigt.png,pagoda
sun_bhmesxjrrlbjpjpz.png,palace
sun_busfyiowltnoreil.png,palace
sun_bsyikybqxwyzoimv.png,palace
sun_bnpcilxaupgextqs.png,palace
sun_bcyufitsfbcrhooe.png,palace
sun_bkrjfovupmughuiw.png,pantry
sun_bqingdqhcymxzrsz.png,pantry
sun_brtoxzcjsplvrhnz.png,pantry
sun_bplqsmzcsrlgjrqw.png,pantry
sun_bnpqmnsbpbqyylfo.png,pantry
sun_bdrdqnukfczzhbuy.png,park
sun_bjhirlncvirefpno.png,park
sun_brgdktomgzvbnpdv.png,park
sun_bhndlqszdyjufigo.png,park
sun_beoixpbmdaobqqpo.png,park
sun_dlmfyrpsqjhqsomf.png,parking_garage_indoor
sun_duzppdtyladxieiq.png,parking_garage_indoor
sun_dhildmntuoxkhocv.png,parking_garage_indoor
sun_dlcwhwgzotvlyiol.png,parking_garage_indoor
sun_dhwkapupjcpmroev.png,parking_garage_indoor
sun_dlggzcfchdtzexii.png,parking_garage_outdoor
sun_dtrozscrcpmbecnc.png,parking_garage_outdoor
sun_dqtzlmlpfyrgslbp.png,parking_garage_outdoor
sun_dlnxgvumnmlmgbzi.png,parking_garage_outdoor
sun_davdbpevggahgxsj.png,parking_garage_outdoor
sun_bbafpemgnyanelwa.png,parking_lot
sun_brpvsvdggkcwkxdy.png,parking_lot
sun_brpdgnvnpubmjasg.png,parking_lot
sun_atugmikryhdkwajt.png,parking_lot
sun_bveppixbphbzcuqe.png,parking_lot
sun_byvccfndmyaiueas.png,parlor
sun_btwghiakehlnmvin.png,parlor
sun_bsthsjctocamluvy.png,parlor
sun_bicdjokshkccozjk.png,parlor
sun_bmetmfewukxqlfbm.png,parlor
sun_asdafnvfqdwiwbay.png,pasture
sun_bgdomvguoztzhbpq.png,pasture
sun_bhwbnzkvnxfturxh.png,pasture
sun_bumhcpftmwglagxy.png,pasture
sun_bhudxlpdkywdgwba.png,pasture
sun_bewfxihogkndywgn.png,patio
sun_bsmvjfrmboechadw.png,patio
sun_btklzmnkvpoubzow.png,patio
sun_bzhkhxzgdhwovlbc.png,patio
sun_belbaeltfvjwmfmi.png,patio
sun_bqivxmjqmyeagxxl.png,pavilion
sun_chuazffleeodtpgr.png,pavilion
sun_bzgdmyokbhheseag.png,pavilion
sun_bsmnotyszoxrjflt.png,pavilion
sun_cvxktxkdcvptovgn.png,pavilion
sun_decjoqzzrkluvevr.png,pharmacy
sun_bbnwdxrsxgvgzkvu.png,pharmacy
sun_bskpvuntksfyssdr.png,pharmacy
sun_bkwqkdbzqhhjdkap.png,pharmacy
sun_bmlffyuzrsseefcy.png,pharmacy
sun_bwpizsfxdeddubvf.png,phone_booth
sun_bgtratrjfolfwdzj.png,phone_booth
sun_aadtmifyuvqcfkcr.png,phone_booth
sun_bkhttoyxunbynfhx.png,phone_booth
sun_bezgbkxdmdzodpfc.png,phone_booth
sun_aspmucrzgpodkddo.png,physics_laboratory
sun_apjhglhqiljqcdkc.png,physics_laboratory
sun_bznefxvocwpgimko.png,physics_laboratory
sun_aondzoggxyejkaqo.png,physics_laboratory
sun_axiyuzersxpkcugp.png,physics_laboratory
sun_bswwxfxlteiuzimr.png,picnic_area
sun_bnykdtkwvuqkpbaw.png,picnic_area
sun_axuibhhnhdgaaobz.png,picnic_area
sun_bxydcehekhmpvpmh.png,picnic_area
sun_bsypujmiwascibiu.png,picnic_area
sun_acyletewwvoolvvv.png,pilothouse_indoor
sun_bjjkktafutnclxcb.png,pilothouse_indoor
sun_amanmfpjqehuimzl.png,pilothouse_indoor
sun_aqesmtrsgiophiuw.png,pilothouse_indoor
sun_atxmhocsnfhaqrgq.png,pilothouse_indoor
sun_bkfplxilujvokdsa.png,planetarium_outdoor
sun_bjsgunamtrzqcbet.png,planetarium_outdoor
sun_beetwlkvphgtfeks.png,planetarium_outdoor
sun_brvxpggcpkvbikem.png,planetarium_outdoor
sun_bgosudmyldzkcmfv.png,planetarium_outdoor
sun_bgusozmwcjqeelmr.png,playground
sun_bcklfkieeutjzaht.png,playground
sun_bwaefckywxfgfnhk.png,playground
sun_bozcdkmsntflkcem.png,playground
sun_bqurxlaxwqxzmsmk.png,playground
sun_buiunnhzmpbdnlww.png,playroom
sun_anuvusdcoiiwykfa.png,playroom
sun_bzswqviottpkgrhy.png,playroom
sun_bntdovmdmtgxlycb.png,playroom
sun_ajxvfbkqwjiptuzi.png,playroom
sun_bzrdasjymsqeuhei.png,pond
sun_bldstoyxjdrkcnva.png,pond
sun_buuquqynpascvpvg.png,pond
sun_baktymlnkhzntadt.png,pond
sun_brcnweauxwwhfmme.png,pond
sun_bwcsqcbquzhtbthj.png,poolroom_establishment
sun_bdusjzbyrrypnlwl.png,poolroom_establishment
sun_axdnhlnrnnncenuw.png,poolroom_establishment
sun_ajjrfxwkaspzgwnq.png,poolroom_establishment
sun_bpropflclmvrtdjr.png,poolroom_establishment
sun_anucnzvdtnqbicra.png,poolroom_home
sun_brfjqwudjlgxmdwb.png,poolroom_home
sun_boologreitujkgzl.png,poolroom_home
sun_bjzmdmbhkuxglfuv.png,poolroom_home
sun_byegvlxnjtnjachb.png,poolroom_home
sun_bgekfzqjhrwjugqh.png,power_plant_outdoor
sun_brgznhfgoszqylww.png,power_plant_outdoor
sun_bukzaacoairfpnna.png,power_plant_outdoor
sun_bqbaerqorxryhiqy.png,power_plant_outdoor
sun_bxzfuarhmdlojhgj.png,power_plant_outdoor
sun_biaagwvvtbnxdnos.png,putting_green
sun_bjyqblmdzrhbguyl.png,putting_green
sun_bzdsiiquwuhojhsa.png,putting_green
sun_bkaiztqswvwaxaym.png,putting_green
sun_bteojilkrrifycnb.png,putting_green
sun_ariuizuixoielxja.png,railroad_track
sun_ankwpfzsrnmzgnru.png,railroad_track
sun_aaxdpgpohhvyemvc.png,railroad_track
sun_aciczgvqmadwxjdq.png,railroad_track
sun_arfdlzsnmglcvikh.png,railroad_track
sun_aqzwapvheiwtspzo.png,rainforest
sun_aojylfujoazxivli.png,rainforest
sun_amnyqhtcnmthazfl.png,rainforest
sun_asucsgijickcsuyh.png,rainforest
sun_aetapihskrllrdnt.png,rainforest
sun_aljzsnpyavrniktw.png,reception
sun_afslrcwkonaoxlfi.png,reception
sun_avizukluogzorelh.png,reception
sun_apzbtvmnjxzudvet.png,reception
sun_aqteuialmidhlvbj.png,reception
sun_aavuoscaegpbwspj.png,recreation_room
sun_akgkqrlniaaogoza.png,recreation_room
sun_avuruaipomevzxko.png,recreation_room
sun_axiigzkvpcunbcmv.png,recreation_room
sun_aahfqqcmvkdkcopk.png,recreation_room
sun_ddywllhqorplbjls.png,residential_neighborhood
sun_dhgvkvyhrycxxwbn.png,residential_neighborhood
sun_deqpywsildqkdkcg.png,residential_neighborhood
sun_dulvxrqyvtbyxekb.png,residential_neighborhood
sun_ddtuouqwukxkklpi.png,residential_neighborhood
sun_arfghexbhkvkvgxi.png,restaurant
sun_alsdrvwzxzjqstbk.png,restaurant
sun_abnjymnsjlfptyxk.png,restaurant
sun_afarueujnhehyyio.png,restaurant
sun_atgftsajuwjzuztj.png,restaurant
sun_ayqlwtvvlgkwmpvj.png,restaurant_kitchen
sun_acddbhlzfptbekxj.png,restaurant_kitchen
sun_bwgbmspgoasrrxii.png,restaurant_kitchen
sun_aainymcaqysqtfjp.png,restaurant_kitchen
sun_amvjipfsvafczhwg.png,restaurant_kitchen
sun_auubgudelgjrhpoh.png,restaurant_patio
sun_aojnhalrhfmmhrly.png,restaurant_patio
sun_aiwxbaalhxdditjo.png,restaurant_patio
sun_anmhtrpsulapelso.png,restaurant_patio
sun_alfyxziavorwrczv.png,restaurant_patio
sun_avokinkqypqifwug.png,rice_paddy
sun_adsaqedttiixgfrw.png,rice_paddy
sun_aglpgqhselmbsjfe.png,rice_paddy
sun_adhwholkeuezccfu.png,rice_paddy
sun_artvacalcbftmpdi.png,rice_paddy
sun_bghhucfqkgdotdrl.png,riding_arena
sun_bemkhqqbstjsscwk.png,riding_arena
sun_bhavnevyzhxissyk.png,riding_arena
sun_bpbrotispvainqiu.png,riding_arena
sun_bnjvafvsrofucsme.png,riding_arena
sun_beleuqxdphydmwdj.png,rock_arch
sun_bycsfdyqiurvjyer.png,rock_arch
sun_bkmhsmcwkqzsrjha.png,rock_arch
sun_bqjcfcrpbgkomkmr.png,rock_arch
sun_boamvthjxjuzqxmt.png,rock_arch
sun_bypboapkrbtrmxqn.png,ruin
sun_bdfzvpneqfqbfcnq.png,ruin
sun_booxopykmiqnsqbq.png,ruin
sun_bzskkbpdayjlqhjm.png,ruin
sun_bxzxvpxabkqegbmz.png,ruin
sun_alagufqsctztfexh.png,runway
sun_ayjczgbclpelowgj.png,runway
sun_aycqiqrqpigkkwch.png,runway
sun_bjqseeruaxsnqgkd.png,runway
sun_bizrwckmhzkkhtob.png,runway
sun_cccvqprfrvymesmn.png,sandbar
sun_cpimlwoyxuicmstq.png,sandbar
sun_ayjbewhhjzxrnqof.png,sandbar
sun_cjjjphyiodovbwdc.png,sandbar
sun_bluykudrvxrobshz.png,sandbar
sun_boqesjqpnyhhfcge.png,sandbox
sun_bonswpzzkiaqhcvn.png,sandbox
sun_bkyldjfasnhjhide.png,sandbox
sun_bawcydadrjrkzrtr.png,sandbox
sun_btjecfnksbyiqqxf.png,sandbox
sun_buzlhipbfnmzpsfe.png,sauna
sun_bobpteqkygybpjee.png,sauna
sun_badugmrvawowxzfy.png,sauna
sun_bxoeshylenjctlvs.png,sauna
sun_bahrcjpdogosxokk.png,sauna
sun_bcwbcdouovepttsx.png,schoolhouse
sun_butfpeucvaoubnew.png,schoolhouse
sun_buxbdivymrhbqkaq.png,schoolhouse
sun_brawbagnjqkorhjs.png,schoolhouse
sun_bjztmzqnymhgycso.png,schoolhouse
sun_bmgthuhdvypqjycb.png,sea_cliff
sun_bogubscuoanxvspd.png,sea_cliff
sun_bjtaegjndovtoubb.png,sea_cliff
sun_bhyxzyjlxujlguhy.png,sea_cliff
sun_benlqohnznhvtgut.png,sea_cliff
sun_buwvjkrxijmjfzvy.png,server_room
sun_bsdwkmcsutkqylft.png,server_room
sun_btrphgavmirlkfte.png,server_room
sun_biazfyrjppndeuml.png,server_room
sun_bidefnxvnvwxhfco.png,server_room
sun_bchscdvagqvpfsso.png,shed
sun_bcarwioytheufnic.png,shed
sun_buwqnkpfickthfvb.png,shed
sun_bzposwfhbrlamgug.png,shed
sun_bkrofqcitaxjonzw.png,shed
sun_bipkhjhjnnisxsns.png,shoe_shop
sun_buwooqnvizpilzmn.png,shoe_shop
sun_bsjgpmgflloejcjh.png,shoe_shop
sun_bghuewdplzwtifme.png,shoe_shop
sun_bktnbusoqehxodok.png,shoe_shop
sun_bsedbyqgrcdkuanp.png,shopfront
sun_beaexkkkrudnqwzp.png,shopfront
sun_bpqkwsampdacpvwv.png,shopfront
sun_bhhhqbiekouqmkac.png,shopfront
sun_bsjucttvlnurweef.png,shopfront
sun_bimdpagwyqrufmzk.png,shower
sun_bmrkgdjghbpzhmlf.png,shower
sun_bhmajchacqkvaqlf.png,shower
sun_bdstzvzpydgefcac.png,shower
sun_bvxdrnduhbhimwni.png,shower
sun_bqnzqakjxvserfkt.png,ski_lodge
sun_bnydyehhrwdlmjlc.png,ski_lodge
sun_biqdshexzanwirbv.png,ski_lodge
sun_bwwnazvrsvclejws.png,ski_lodge
sun_bqdordpczpksbhnv.png,ski_lodge
sun_bkxlvtkggzrtvmdy.png,ski_slope
sun_bjdzlylirzzwzwxy.png,ski_slope
sun_bszziobyipoqmclc.png,ski_slope
sun_bouwelaruvflqplc.png,ski_slope
sun_bhtuutqvtlypnhct.png,ski_slope
sun_brwcwpdohtfcqmca.png,sky
sun_agnvbaxppmkhgxvb.png,sky
sun_agqdjnnfbgkosqgb.png,sky
sun_bbbeoebtsvzdoutd.png,sky
sun_bsgmwkftttvjyvqk.png,sky
sun_bxeiylbtpjkvjdja.png,skyscraper
sun_asviztlddaycedac.png,skyscraper
sun_bjjetqbnrdybzeqd.png,skyscraper
sun_bjyfvxrapsdvnver.png,skyscraper
sun_bgwtyhnvvqtyetda.png,skyscraper
sun_bnupdlyoatjwnbzt.png,snowfield
sun_bnszcgxfcpqjvfny.png,snowfield
sun_bcvovsrkuqmypydj.png,snowfield
sun_bqlayciimkuzivnw.png,snowfield
sun_bnbblulyamtvhofo.png,snowfield
sun_bholsblufawffpun.png,squash_court
sun_cxhxnewsznefrric.png,squash_court
sun_bqlqigrtvsekvebg.png,squash_court
sun_bunguvnvkdltcawb.png,squash_court
sun_cdzoksnyawnhcvzs.png,squash_court
sun_bqugyajmoxytakeb.png,stable
sun_butejhxoikukvzjo.png,stable
sun_bgumiuhyimvezfeb.png,stable
sun_bnrmrzbaqlfkvsbd.png,stable
sun_befstwmkodudakgz.png,stable
sun_abiovdygniqgkhhl.png,stadium_baseball
sun_buegzgqysjqtiutj.png,stadium_baseball
sun_aqohrmlykrvpbqcs.png,stadium_baseball
sun_bcdyiakzgargotey.png,stadium_baseball
sun_bnnqlkprusmejywg.png,stadium_baseball
sun_bbfqkxxrktfasptr.png,stadium_football
sun_bzjrqwjgfkzqzxko.png,stadium_football
sun_biuytmjiftzihfty.png,stadium_football
sun_bgzjryivyczuvkvm.png,stadium_football
sun_byyaxeluotynvysz.png,stadium_football
sun_avvtzgvjewywlmdd.png,stage_indoor
sun_bbtnlhwybuwithex.png,stage_indoor
sun_bhsvoxhngtvlfcxy.png,stage_indoor
sun_atkirihlypsigxop.png,stage_indoor
sun_aqkkusvrsmjlwxwd.png,stage_indoor
sun_bwplgyknxhslqbdh.png,staircase
sun_bstlntsvhyezqgap.png,staircase
sun_bgvfjygvkmlmxjej.png,staircase
sun_bjztsrxauimzlsku.png,staircase
sun_bwzrhfmernduzztq.png,staircase
sun_boymumhxfxpvyfle.png,street
sun_bbisansxxigfjebn.png,street
sun_bujxqgvofwfpgxqd.png,street
sun_bpxxnnqefzqoptxd.png,street
sun_bkqpapkaruexihsy.png,street
sun_bbujoodjlecbswam.png,subway_interior
sun_bxpjenhliiqkkazx.png,subway_interior
sun_amxzetclivhmylma.png,subway_interior
sun_bkzkcnjanxvmpdzi.png,subway_interior
sun_bumfytaeaaocxkhs.png,subway_interior
sun_bkuaqrcgqponrayx.png,supermarket
sun_aekgzpfilgjxpeyq.png,supermarket
sun_btzcxxdwzcvyfcgs.png,supermarket
sun_bafwlwdmehuwqfvr.png,supermarket
sun_bmmkribmsaepaoqw.png,supermarket
sun_brifkzatyyuxoztn.png,swamp
sun_akjrblsftiiheycg.png,swamp
sun_afhagvtspzxkrens.png,swamp
sun_btuosftthgpwpkfy.png,swamp
sun_auffnkuldecxygkd.png,swamp
sun_bhhasixxzkqyhywe.png,swimming_pool_indoor
sun_advhcaufilhdkqnk.png,swimming_pool_indoor
sun_bkxcyqxbwhobikqq.png,swimming_pool_indoor
sun_bsckmjlqsczsayzv.png,swimming_pool_indoor
sun_bxfynncmyoeecwtc.png,swimming_pool_indoor
sun_ahujrsarquffritc.png,swimming_pool_outdoor
sun_bqgrlxjqpobcqhuw.png,swimming_pool_outdoor
sun_bikzmmynppjwtykr.png,swimming_pool_outdoor
sun_bclexsqgxfcueagx.png,swimming_pool_outdoor
sun_beltccrjmujochoa.png,swimming_pool_outdoor
sun_cuvtskjmxuxtdwbh.png,synagogue_indoor
sun_cptzeidnpvcnvmys.png,synagogue_indoor
sun_cgyortwapwxnacmd.png,synagogue_indoor
sun_bswnzfgwxhgvfknh.png,synagogue_indoor
sun_akwsgpcjdzcxsyzx.png,synagogue_indoor
sun_bdzjcwzjazxbudku.png,synagogue_outdoor
sun_betpsnyasickitbo.png,synagogue_outdoor
sun_bwjdahsxcqepqqbm.png,synagogue_outdoor
sun_bzdkfldkgqsowutt.png,synagogue_outdoor
sun_cmfyjyeuqorkjoey.png,synagogue_outdoor
sun_bxcatlubnlpygirb.png,television_studio
sun_algtwbhyauhzyhmf.png,television_studio
sun_bcdbhtizvibaalsl.png,television_studio
sun_bssqujyptrjswpxb.png,television_studio
sun_aetxjdxldeqvhkof.png,television_studio
sun_bvrmksvsrbfzaouf.png,temple_east_asia
sun_azwcmjdicwzlwjsf.png,temple_east_asia
sun_bqkruzxpoosoltth.png,temple_east_asia
sun_byjevguiiqilawju.png,temple_east_asia
sun_atjhxoliruxsdbpq.png,temple_east_asia
sun_bhgrpkivoexfdank.png,temple_south_asia
sun_blkcxqbxsvkojcdw.png,temple_south_asia
sun_bmgimpwmbkfljnzk.png,temple_south_asia
sun_bidhlflrqqkdzeni.png,temple_south_asia
sun_bwlvhidckctkncuk.png,temple_south_asia
sun_dsawxouojbodegxw.png,tennis_court_indoor
sun_ddmiyazycvsbmjoh.png,tennis_court_indoor
sun_bovlfxshtexnypao.png,tennis_court_indoor
sun_dizqbbolyzzexhja.png,tennis_court_indoor
sun_dfwoggfqhfckjmhn.png,tennis_court_indoor
sun_bodxcqeayiousjwi.png,tennis_court_outdoor
sun_bsubqhpyyzaqxzkk.png,tennis_court_outdoor
sun_bflcuuoxedgqiygm.png,tennis_court_outdoor
sun_bjgxbesgeiwalpxd.png,tennis_court_outdoor
sun_beufjrlyporculfz.png,tennis_court_outdoor
sun_babqyxhpmoldhilm.png,tent_outdoor
sun_bntuburqooevfkwf.png,tent_outdoor
sun_bsdssauruacsaomy.png,tent_outdoor
sun_bhewxrwibqyfxgxp.png,tent_outdoor
sun_bmvsxhyoiefzkwoa.png,tent_outdoor
sun_aotfathzvfqkviyv.png,theater_indoor_procenium
sun_apqmswevsqhefqjf.png,theater_indoor_procenium
sun_bibpkzdjvvkvhltq.png,theater_indoor_procenium
sun_boxalsqhtohlxoto.png,theater_indoor_procenium
sun_afgoiykvchxqotyz.png,theater_indoor_procenium
sun_acapmatgnmqztpru.png,theater_indoor_seats
sun_agfghckxllgaogeu.png,theater_indoor_seats
sun_aqwcoqdaramvmvnp.png,theater_indoor_seats
sun_aavkypayfsvklgls.png,theater_indoor_seats
sun_aiewrdgnruljdrnc.png,theater_indoor_seats
sun_bdnrhzbhsvekntfv.png,thriftshop
sun_bgjbclbeggetjdfl.png,thriftshop
sun_bktldkkgtlpfxekt.png,thriftshop
sun_btglpvmfoudszwcx.png,thriftshop
sun_bvseidzvrmvtpkpx.png,thriftshop
sun_bafboxbypavruipu.png,throne_room
sun_bpzrvalzazjnyiiz.png,throne_room
sun_aihfaarwvxfxnedz.png,throne_room
sun_bffnymzswtzkrujb.png,throne_room
sun_bezkrklzfarorihm.png,throne_room
sun_bhstabllfxqmqfki.png,toll_plaza
sun_bmdatjlblfopdipj.png,toll_plaza
sun_bdugblqspxfhmaem.png,toll_plaza
sun_bmuyyodzspuocgmb.png,toll_plaza
sun_bsyvgrofihwzufzd.png,toll_plaza
sun_bnuwzkdvendqyydk.png,topiary_garden
sun_baaadaxlitpqvquj.png,topiary_garden
sun_bmmspyttzyqpliiw.png,topiary_garden
sun_beehkrktthrkvgtf.png,topiary_garden
sun_bljveksourcslxbh.png,topiary_garden
sun_bnuocfbudybnkgtg.png,tower
sun_biuhkfjdwgohbbjt.png,tower
sun_amrsltollarnzjhe.png,tower
sun_azbgaopspoglnwzj.png,tower
sun_aqkmgatdqbxypggd.png,tower
sun_aaguipoeqirlfvjn.png,toyshop
sun_asystlqtipunmrvq.png,toyshop
sun_ahvsimquxdczxoix.png,toyshop
sun_auxtjmopnddrivou.png,toyshop
sun_aqurqnuwzifwbpwa.png,toyshop
sun_abcuurugvxwparpk.png,track_outdoor
sun_aogfueenyswxzidp.png,track_outdoor
sun_bgpltlmtlixufpat.png,track_outdoor
sun_akxlbeczevhjtdyg.png,track_outdoor
sun_atmofraxvfuortqr.png,track_outdoor
sun_bwzzewspvvqvbmfy.png,train_railway
sun_bvvkcyfmdmoxmqdp.png,train_railway
sun_bphstrqrckkxaifl.png,train_railway
sun_bqmvtssfxojuegby.png,train_railway
sun_bhixsbikiamkdlxa.png,train_railway
sun_bzmseudgfbgvvfds.png,tree_farm
sun_bqrjptqnidnnvadx.png,tree_farm
sun_biqivvudcrvqfaen.png,tree_farm
sun_bablgmxrsmliouss.png,tree_farm
sun_bhsrbwjczgxwjdyu.png,tree_farm
sun_bvzgafyecjurrnij.png,tree_house
sun_bjvzbpnxrwwnflpq.png,tree_house
sun_brrulzkdcicdbdll.png,tree_house
sun_bqimehagaahznqkn.png,tree_house
sun_bjiwldemlzjhfkhk.png,tree_house
sun_bhrpukfhvmtkkxlw.png,trench
sun_bbrwcqjalnwlquqn.png,trench
sun_bqbsbqnxivbgilpp.png,trench
sun_bbzwktvzevqormwo.png,trench
sun_bzjswslsonqoruvh.png,trench
sun_brzirocotnsoinpb.png,valley
sun_bkxbxcgkhlirggrb.png,valley
sun_bywnkdrfibdahtcw.png,valley
sun_bwtoopqffjsqnunf.png,valley
sun_baskfjhrbrcbjvrm.png,valley
sun_bckoevcurwosynki.png,van_interior
sun_bwfqgtmzjlmhlmoo.png,van_interior
sun_bpgrfkfrswdxbkxh.png,van_interior
sun_burdknabghwknvon.png,van_interior
sun_bnqhucvwgqdwhwnu.png,van_interior
sun_bbsldvounmbcjdnp.png,vegetable_garden
sun_bnelubfctlhwpinb.png,vegetable_garden
sun_bdflmklxzcmwvkpw.png,vegetable_garden
sun_bntjszlysoycfuda.png,vegetable_garden
sun_bnrgyjbzriibwhvo.png,vegetable_garden
sun_bhphmnxxnwuclnfb.png,veranda
sun_bacpdgaoerutfwai.png,veranda
sun_bwojgekrkcxlkdtm.png,veranda
sun_btdtrvihpxhletbp.png,veranda
sun_btbzqxmvyzlrnccn.png,veranda
sun_bvxilcyfjgqptejo.png,viaduct
sun_bzktlbbwtskelqxn.png,viaduct
sun_bgxeriextvbkhbfe.png,viaduct
sun_bcsrxjtlkgpkihhb.png,viaduct
sun_bumngdexbrehyqav.png,viaduct
sun_bpjaugthurqqesou.png,vineyard
sun_bwvqovjbilbqaamp.png,vineyard
sun_bzgsruvnegugrqqj.png,vineyard
sun_bupyrxfwzawdqngx.png,vineyard
sun_bbidpqefmsokhoez.png,vineyard
sun_brbyihgdqtqdcnxc.png,volcano
sun_bmvtdxqesnodhhcn.png,volcano
sun_bpvbjnjzijnakkkk.png,volcano
sun_bguypsxgvacnktfg.png,volcano
sun_bszngxmltdqdachn.png,volcano
sun_bwpnxojkzrehwwun.png,volleyball_court_outdoor
sun_akkomfouoppmfooc.png,volleyball_court_outdoor
sun_aidzostvaltvaups.png,volleyball_court_outdoor
sun_atcrgjmyuguyhkce.png,volleyball_court_outdoor
sun_bjcdhrrtbbootljx.png,volleyball_court_outdoor
sun_bawbdnpssirlklqm.png,waiting_room
sun_breshxktngoefxit.png,waiting_room
sun_bhrfoniyefglrcfl.png,waiting_room
sun_bcbsntgiurrgeuqs.png,waiting_room
sun_bpudusvelewkvdug.png,waiting_room
sun_baelzjmivqxnnind.png,warehouse_indoor
sun_brjybwuecwwcltuk.png,warehouse_indoor
sun_bfrufvcashrzlnbv.png,warehouse_indoor
sun_bfigjwjpnblgjbwh.png,warehouse_indoor
sun_bzixvwoukasxltwi.png,warehouse_indoor
sun_aiswdqfgkxllgxqb.png,water_tower
sun_arvpublbqjtdrnab.png,water_tower
sun_aysteoooadrvljyo.png,water_tower
sun_akslsuexphhsbpwm.png,water_tower
sun_aobevcyhidndexzs.png,water_tower
sun_bnwmrfvcewsqyvqh.png,waterfall_block
sun_bojywhwufsckphfa.png,waterfall_block
sun_byzweiouhvtofjlh.png,waterfall_block
sun_bvoraywiwkghtfsp.png,waterfall_block
sun_browhtghljbzuemv.png,waterfall_block
sun_bouefbengbwzxyjm.png,waterfall_fan
sun_byfffdwqltqvkulk.png,waterfall_fan
sun_bhwmdsmcpomvprxp.png,waterfall_fan
sun_bkmnfgklupjijsgf.png,waterfall_fan
sun_beymsjkywdwqictt.png,waterfall_fan
sun_bjwxsiaofeanyezl.png,waterfall_plunge
sun_bhlugtxwagydpqdu.png,waterfall_plunge
sun_bprbbpnbntrcpnot.png,waterfall_plunge
sun_bloqozmrdexaeycf.png,waterfall_plunge
sun_bpyuppjnwkmubrdy.png,waterfall_plunge
sun_bswfottgblfqiwoy.png,wet_bar
sun_bfcvebwfyogwmvtr.png,wet_bar
sun_bzjwnsnlbvaoqswg.png,wet_bar
sun_bzjljcrmqlmawtbm.png,wet_bar
sun_bcbflbtwhuioysjn.png,wet_bar
sun_afvjmcszbcwjohfj.png,wheat_field
sun_akafihdxnqphclgg.png,wheat_field
sun_amqevktaidsufzef.png,wheat_field
sun_ahtymmdypyqqmthn.png,wheat_field
sun_aquewihcbzrkousv.png,wheat_field
sun_bdszixwbpkeyttyo.png,wind_farm
sun_busnluvtbrlpklss.png,wind_farm
sun_bjovgycboomekyyx.png,wind_farm
sun_bzcntuzwagwdrkrp.png,wind_farm
sun_bswvnksjyjmepmqm.png,wind_farm
sun_bcwcoqgsueznibgo.png,windmill
sun_baklbtersirgieki.png,windmill
sun_btagmtoojkghfpnw.png,windmill
sun_bkjhovqagpfknkax.png,windmill
sun_bdtfbvsjmngxtezt.png,windmill
sun_bfsdfcgrkgufqert.png,wine_cellar_barrel_storage
sun_bdipfsngarhttapg.png,wine_cellar_barrel_storage
sun_bzutnrrxuaaxkcjo.png,wine_cellar_barrel_storage
sun_bgtevttkunwdxcnc.png,wine_cellar_barrel_storage
sun_brnytfxptqsjftkl.png,wine_cellar_barrel_storage
sun_bjmilpeatkfzmest.png,wine_cellar_bottle_storage
sun_bmlunrvboqhtbmah.png,wine_cellar_bottle_storage
sun_bczeflnxqgkpuxdm.png,wine_cellar_bottle_storage
sun_bmjrnjqdommywtqo.png,wine_cellar_bottle_storage
sun_bpfkhnkxywdodcic.png,wine_cellar_bottle_storage
sun_bzdjhdkiwuqogghf.png,yard
sun_bvmhlhjpkxitfhgs.png,yard
sun_bewlknolukfqyfuk.png,yard
sun_boyqpbfjtnsmufyr.png,yard
sun_bcwyzvggchetltzv.png,yard
sun_bukrskzdqpbyiolq.png,youth_hostel
sun_bsfjquzxrikccygm.png,youth_hostel
sun_bngwdentuaxkrbmf.png,youth_hostel
sun_bpglwcsgrpbfxkgo.png,youth_hostel
sun_boyrvlmqnirmdrme.png,youth_hostel
