image_name,n_participants_target,crr,hr,far,target_hit,target_miss,target_fa,target_cr
pn1.jpg,38,0.42105263157894735,0.631578947368421,0.21052631578947367,24,14,8,30
pn10.jpg,42,0.4523809523809524,0.6904761904761905,0.23809523809523808,29,13,10,32
pn11.jpeg,44,0.6136363636363635,0.7954545454545454,0.18181818181818182,35,9,8,36
pn12.jpg,50,0.6200000000000001,0.68,0.06,34,16,3,47
pn13.jpeg,40,0.39999999999999997,0.6,0.2,24,16,8,32
pn14.jpg,45,0.33333333333333326,0.7333333333333333,0.4,33,12,18,27
pn15.jpg,56,0.4821428571428572,0.8928571428571429,0.4107142857142857,50,6,23,33
pn16.jpg,41,0.41463414634146345,0.6341463414634146,0.21951219512195122,26,15,9,32
pn17.jpg,48,0.5416666666666667,0.6458333333333334,0.10416666666666667,31,17,5,43
pn18.jpg,40,0.27499999999999997,0.725,0.45,29,11,18,22
pn19.jpg,38,0.868421052631579,0.9210526315789473,0.05263157894736842,35,3,2,36
pn2.jpg,46,0.28260869565217395,0.7608695652173914,0.4782608695652174,35,11,22,24
pn20.jpg,43,0.627906976744186,0.6976744186046512,0.06976744186046512,30,13,3,40
pn21.jpg,39,0.20512820512820507,0.6666666666666666,0.46153846153846156,26,13,18,21
pn22.jpg,39,0.2820512820512821,0.6153846153846154,0.3333333333333333,24,15,13,26
pn23.jpg,36,0.5,0.8055555555555556,0.3055555555555556,29,7,11,25
pn24.jpg,41,0.41463414634146345,0.6341463414634146,0.21951219512195122,26,15,9,32
pn25.jpg,40,0.325,0.775,0.45,31,9,18,22
pn26.jpg,41,0.4146341463414634,0.7073170731707317,0.2926829268292683,29,12,12,29
pn27.jpg,53,0.5660377358490566,0.7169811320754716,0.1509433962264151,38,15,8,45
pn28.jpg,32,0.40625,0.71875,0.3125,23,9,10,22
pn29.jpg,49,0.42857142857142855,0.673469387755102,0.24489795918367346,33,16,12,37
pn3.jpg,51,0.3921568627450981,0.803921568627451,0.4117647058823529,41,10,21,30
pn30.jpg,38,0.3684210526315789,0.5263157894736842,0.15789473684210525,20,18,6,32
pn31.jpg,41,0.5365853658536586,0.6097560975609756,0.07317073170731707,25,16,3,38
pn32.jpg,37,0.4054054054054054,0.5135135135135135,0.10810810810810811,19,18,4,33
pn33.jpg,44,0.5681818181818181,0.6590909090909091,0.09090909090909091,29,15,4,40
pn34.jpg,50,0.36000000000000004,0.68,0.32,34,16,16,34
pn35.jpg,40,0.35,0.7,0.35,28,12,14,26
pn36.jpg,37,0.43243243243243246,0.7027027027027027,0.2702702702702703,26,11,10,27
pn37.jpg,42,0.3571428571428572,0.5476190476190477,0.19047619047619047,23,19,8,34
pn38.jpg,47,0.4680851063829787,0.6595744680851063,0.19148936170212766,31,16,9,38
pn39.jpg,45,0.3333333333333333,0.6,0.26666666666666666,27,18,12,33
pn4.jpg,36,0.3888888888888889,0.75,0.3611111111111111,27,9,13,23
pn40.jpg,47,0.2127659574468085,0.3829787234042553,0.1702127659574468,18,29,8,39
pn41.jpg,48,0.35416666666666663,0.5,0.14583333333333334,24,24,7,41
pn42.jpg,42,0.6428571428571429,0.7380952380952381,0.09523809523809523,31,11,4,38
pn43.jpg,39,0.6923076923076923,0.8974358974358975,0.20512820512820512,35,4,8,31
pn44.jpg,52,0.44230769230769235,0.6730769230769231,0.23076923076923078,35,17,12,40
pn45.jpg,36,0.47222222222222227,0.5833333333333334,0.1111111111111111,21,15,4,32
pn46.jpg,43,0.09302325581395354,0.5813953488372093,0.4883720930232558,25,18,21,22
pn47.jpg,36,0.3333333333333333,0.7222222222222222,0.3888888888888889,26,10,14,22
pn48.jpg,51,0.37254901960784315,0.5294117647058824,0.1568627450980392,27,24,8,43
pn49.jpg,37,0.3783783783783784,0.4864864864864865,0.10810810810810811,18,19,4,33
pn5.jpg,35,0.42857142857142855,0.6,0.17142857142857143,21,14,6,29
pn50.jpg,27,0.07407407407407407,0.3333333333333333,0.25925925925925924,9,18,7,20
pn51.jpg,44,0.25,0.4318181818181818,0.18181818181818182,19,25,8,36
pn52.jpg,44,0.6363636363636364,0.6590909090909091,0.022727272727272728,29,15,1,43
pn53.jpg,53,0.24528301886792453,0.5283018867924528,0.2830188679245283,28,25,15,38
pn54.jpg,51,0.29411764705882354,0.5882352941176471,0.29411764705882354,30,21,15,36
pn55.jpg,40,0.25,0.45,0.2,18,22,8,32
pn56.jpg,55,0.18181818181818177,0.509090909090909,0.32727272727272727,28,27,18,37
pn57.jpg,33,0.4545454545454546,0.696969696969697,0.24242424242424243,23,10,8,25
pn58.jpg,39,0.3333333333333333,0.5641025641025641,0.23076923076923078,22,17,9,30
pn59.jpg,48,0.2708333333333333,0.6041666666666666,0.3333333333333333,29,19,16,32
pn6.jpg,38,0.4736842105263158,0.7631578947368421,0.2894736842105263,29,9,11,27
pn60.jpg,30,0.5666666666666667,0.6333333333333333,0.06666666666666667,19,11,2,28
pn61.jpg,43,0.372093023255814,0.7674418604651163,0.3953488372093023,33,10,17,26
pn62.jpg,50,0.26,0.64,0.38,32,18,19,31
pn63.jpg,52,0.3846153846153847,0.5192307692307693,0.1346153846153846,27,25,7,45
pn64.jpg,41,0.36585365853658536,0.5365853658536586,0.17073170731707318,22,19,7,34
pn65.jpg,44,0.5227272727272727,0.75,0.22727272727272727,33,11,10,34
pn66.jpg,47,0.36170212765957444,0.6595744680851063,0.2978723404255319,31,16,14,33
pn67.jpg,47,0.2978723404255319,0.44680851063829785,0.14893617021276595,21,26,7,40
pn68.jpg,52,0.5384615384615384,0.6538461538461539,0.11538461538461539,34,18,6,46
pn69.jpg,38,0.42105263157894735,0.7105263157894737,0.2894736842105263,27,11,11,27
pn7.jpg,41,0.4390243902439025,0.6585365853658537,0.21951219512195122,27,14,9,32
pn70.jpg,41,0.5121951219512195,0.6097560975609756,0.0975609756097561,25,16,4,37
pn71.jpg,41,0.34146341463414637,0.5365853658536586,0.1951219512195122,22,19,8,33
pn72.jpg,38,0.42105263157894746,0.6578947368421053,0.23684210526315788,25,13,9,29
pn73.jpg,52,0.24999999999999997,0.4423076923076923,0.19230769230769232,23,29,10,42
pn74.JPG,44,0.13636363636363635,0.6818181818181818,0.5454545454545454,30,14,24,20
pn75.jpg,49,0.5918367346938775,0.7755102040816326,0.1836734693877551,38,11,9,40
pn8.jpg,48,0.16666666666666669,0.5833333333333334,0.4166666666666667,28,20,20,28
pn9.jpg,43,0.5813953488372093,0.813953488372093,0.23255813953488372,35,8,10,33
pu1.jpg,47,0.4468085106382979,0.5531914893617021,0.10638297872340426,26,21,5,42
pu10.jpg,34,0.6470588235294117,0.7647058823529411,0.11764705882352941,26,8,4,30
pu11.jpg,55,0.7272727272727273,0.8909090909090909,0.16363636363636364,49,6,9,46
pu12.jpg,42,0.5,0.6190476190476191,0.11904761904761904,26,16,5,37
pu13.jpg,48,0.39583333333333337,0.7708333333333334,0.375,37,11,18,30
pu14.jpg,50,0.6399999999999999,0.84,0.2,42,8,10,40
pu15.jpg,34,0.8235294117647058,0.8529411764705882,0.029411764705882353,29,5,1,33
pu16.jpg,46,0.7391304347826086,0.8913043478260869,0.15217391304347827,41,5,7,39
pu17.jpg,38,0.6578947368421053,0.868421052631579,0.21052631578947367,33,5,8,30
pu18.jpg,36,0.7222222222222222,0.9444444444444444,0.2222222222222222,34,2,8,28
pu19.jpg,56,0.6071428571428572,0.8035714285714286,0.19642857142857142,45,11,11,45
pu2.jpeg,44,0.5681818181818182,0.5909090909090909,0.022727272727272728,26,18,1,43
pu20.jpg,48,0.5625,0.7291666666666666,0.16666666666666666,35,13,8,40
pu21.jpg,44,0.38636363636363635,0.5909090909090909,0.20454545454545456,26,18,9,35
pu22.JPG,43,0.4186046511627907,0.8837209302325582,0.46511627906976744,38,5,20,23
pu23.jpg,54,0.6851851851851851,0.8888888888888888,0.2037037037037037,48,6,11,43
pu24.jpg,42,0.8809523809523809,0.9047619047619048,0.023809523809523808,38,4,1,41
pu25.jpg,39,0.7435897435897436,0.8974358974358975,0.15384615384615385,35,4,6,33
pu26.jpeg,50,0.7000000000000001,0.8,0.1,40,10,5,45
pu27.jpg,47,0.7021276595744681,0.8723404255319149,0.1702127659574468,41,6,8,39
pu28.jpg,40,0.30000000000000004,0.925,0.625,37,3,25,15
pu29.jpg,40,0.625,0.775,0.15,31,9,6,34
pu3.jpg,47,0.7659574468085106,0.8936170212765957,0.1276595744680851,42,5,6,41
pu30.jpg,38,0.5263157894736842,0.8157894736842105,0.2894736842105263,31,7,11,27
pu31.jpeg,43,0.39534883720930236,0.5116279069767442,0.11627906976744186,22,21,5,38
pu32.jpg,37,0.8378378378378379,0.918918918918919,0.08108108108108109,34,3,3,34
pu33.jpeg,52,0.46153846153846156,0.5961538461538461,0.1346153846153846,31,21,7,45
pu34.jpg,43,0.6046511627906976,0.8837209302325582,0.27906976744186046,38,5,12,31
pu35.jpg,42,0.7142857142857143,0.8095238095238095,0.09523809523809523,34,8,4,38
pu36.jpg,40,0.95,0.975,0.025,39,1,1,39
pu37.jpg,39,0.5384615384615385,0.7435897435897436,0.20512820512820512,29,10,8,31
pu38.jpg,37,0.43243243243243246,0.6486486486486487,0.21621621621621623,24,13,8,29
pu39.jpg,50,0.56,0.78,0.22,39,11,11,39
pu4.jpg,54,0.6111111111111112,0.8333333333333334,0.2222222222222222,45,9,12,42
pu40.jpg,50,0.4,0.66,0.26,33,17,13,37
pu41.jpg,37,0.5945945945945945,0.7297297297297297,0.13513513513513514,27,10,5,32
pu42.jpg,35,0.5142857142857142,0.5428571428571428,0.02857142857142857,19,16,1,34
pu43.jpeg,55,0.7454545454545454,0.8545454545454545,0.10909090909090909,47,8,6,49
pu44.jpg,37,0.6486486486486487,0.7837837837837838,0.13513513513513514,29,8,5,32
pu45.jpeg,35,0.5428571428571429,0.7714285714285715,0.22857142857142856,27,8,8,27
pu46.jpeg,45,0.8888888888888888,0.9777777777777777,0.08888888888888889,44,1,4,41
pu47.jpeg,37,0.6486486486486487,0.7837837837837838,0.13513513513513514,29,8,5,32
pu48.jpeg,54,0.5925925925925926,0.7037037037037037,0.1111111111111111,38,16,6,48
pu49.jpeg,43,0.32558139534883723,0.5813953488372093,0.2558139534883721,25,18,11,32
pu5.jpg,33,0.6363636363636364,0.7272727272727273,0.09090909090909091,24,9,3,30
pu50.jpeg,47,0.6382978723404255,0.7446808510638298,0.10638297872340426,35,12,5,42
pu51.jpeg,53,0.5471698113207547,0.660377358490566,0.11320754716981132,35,18,6,47
pu52.jpeg,50,0.6599999999999999,0.72,0.06,36,14,3,47
pu53.jpeg,42,0.6190476190476191,0.8095238095238095,0.19047619047619047,34,8,8,34
pu54.jpeg,38,0.5263157894736842,0.8157894736842105,0.2894736842105263,31,7,11,27
pu55.jpeg,47,0.4468085106382979,0.7021276595744681,0.2553191489361702,33,14,12,35
pu56.jpeg,55,0.7818181818181819,0.8,0.01818181818181818,44,11,1,54
pu57.jpg,38,0.6842105263157895,0.7894736842105263,0.10526315789473684,30,8,4,34
pu58.jpg,44,0.7272727272727273,0.7954545454545454,0.06818181818181818,35,9,3,41
pu59.jpg,45,0.7111111111111111,0.7777777777777778,0.06666666666666667,35,10,3,42
pu6.jpg,39,0.5897435897435896,0.8205128205128205,0.23076923076923078,32,7,9,30
pu60.jpeg,34,0.5882352941176471,0.7352941176470589,0.14705882352941177,25,9,5,29
pu61.jpeg,39,0.5128205128205128,0.8461538461538461,0.3333333333333333,33,6,13,26
pu62.jpeg,51,0.5098039215686274,0.7254901960784313,0.21568627450980393,37,14,11,40
pu63.jpeg,40,0.4,0.525,0.125,21,19,5,35
pu64.jpeg,40,0.6,0.725,0.125,29,11,5,35
pu65.jpeg,39,0.5641025641025641,0.8461538461538461,0.28205128205128205,33,6,11,28
pu66.jpg,50,0.5800000000000001,0.64,0.06,32,18,3,47
pu67.jpg,44,0.7727272727272727,0.8409090909090909,0.06818181818181818,37,7,3,41
pu68.jpg,40,0.6499999999999999,0.825,0.175,33,7,7,33
pu69.jpg,48,0.7291666666666666,0.9791666666666666,0.25,47,1,12,36
pu7.jpg,47,0.3617021276595745,0.7021276595744681,0.3404255319148936,33,14,16,31
pu70.jpg,51,0.43137254901960786,0.6470588235294118,0.21568627450980393,33,18,11,40
pu71.jpg,46,0.7391304347826088,0.7608695652173914,0.021739130434782608,35,11,1,45
pu72.jpg,38,0.39473684210526316,0.6052631578947368,0.21052631578947367,23,15,8,30
pu73.jpg,49,0.673469387755102,0.7551020408163265,0.08163265306122448,37,12,4,45
pu74.jpg,42,0.4523809523809524,0.7857142857142857,0.3333333333333333,33,9,14,28
pu75.jpg,42,0.5238095238095238,0.7380952380952381,0.21428571428571427,31,11,9,33
pu8.jpg,37,0.7027027027027027,0.8648648648648649,0.16216216216216217,32,5,6,31
pu9.jpg,36,0.6666666666666667,0.8611111111111112,0.19444444444444445,31,5,7,29
spn1.jpeg,38,0.3157894736842105,0.8947368421052632,0.5789473684210527,34,4,22,16
spn10.jpeg,38,0.44736842105263164,0.6842105263157895,0.23684210526315788,26,12,9,29
spn11.jpeg,37,0.5675675675675675,0.7027027027027027,0.13513513513513514,26,11,5,32
spn12.jpeg,40,0.525,0.65,0.125,26,14,5,35
spn13.jpeg,50,0.52,0.8,0.28,40,10,14,36
spn14.jpeg,46,0.5652173913043479,0.6304347826086957,0.06521739130434782,29,17,3,43
spn15.jpeg,43,0.48837209302325585,0.5116279069767442,0.023255813953488372,22,21,1,42
spn16.jpeg,43,0.6046511627906976,0.627906976744186,0.023255813953488372,27,16,1,42
spn17.jpeg,43,0.9069767441860465,0.9302325581395349,0.023255813953488372,40,3,1,42
spn18.jpeg,46,0.19565217391304346,0.5434782608695652,0.34782608695652173,25,21,16,30
spn19.jpeg,41,0.5121951219512195,0.5609756097560976,0.04878048780487805,23,18,2,39
spn2.jpeg,41,0.7560975609756098,0.8536585365853658,0.0975609756097561,35,6,4,37
spn20.jpeg,42,0.5476190476190477,0.7142857142857143,0.16666666666666666,30,12,7,35
spn21.jpg,52,0.5384615384615384,0.7884615384615384,0.25,41,11,13,39
spn22.jpg,41,0.4634146341463415,0.5365853658536586,0.07317073170731707,22,19,3,38
spn23.jpg,47,0.6170212765957446,0.8085106382978723,0.19148936170212766,38,9,9,38
spn24.jpeg,48,0.4791666666666667,0.8333333333333334,0.3541666666666667,40,8,17,31
spn25.jpeg,47,0.44680851063829785,0.6170212765957447,0.1702127659574468,29,18,8,39
spn26.jpg,35,0.14285714285714285,0.4857142857142857,0.34285714285714286,17,18,12,23
spn27.jpg,40,0.625,0.75,0.125,30,10,5,35
spn28.jpg,48,0.41666666666666663,0.5416666666666666,0.125,26,22,6,42
spn29.jpg,45,0.5777777777777777,0.8222222222222222,0.24444444444444444,37,8,11,34
spn3.jpeg,38,0.5526315789473685,0.6842105263157895,0.13157894736842105,26,12,5,33
spn30.jpeg,42,0.5714285714285714,0.6904761904761905,0.11904761904761904,29,13,5,37
spn31.jpg,35,0.3142857142857143,0.4857142857142857,0.17142857142857143,17,18,6,29
spn32.jpeg,44,0.4318181818181818,0.6136363636363636,0.18181818181818182,27,17,8,36
spn33.jpeg,45,0.6666666666666667,0.8,0.13333333333333333,36,9,6,39
spn34.jpeg,37,0.7297297297297297,0.7837837837837838,0.05405405405405406,29,8,2,35
spn35.jpg,38,0.4736842105263158,0.6052631578947368,0.13157894736842105,23,15,5,33
spn36.jpg,39,0.3589743589743589,0.5384615384615384,0.1794871794871795,21,18,7,32
spn37.jpeg,53,0.5471698113207547,0.6415094339622641,0.09433962264150944,34,19,5,48
spn38.jpg,48,0.20833333333333334,0.3541666666666667,0.14583333333333334,17,31,7,41
spn39.jpeg,42,0.5714285714285715,0.7380952380952381,0.16666666666666666,31,11,7,35
spn4.jpeg,47,0.3617021276595745,0.5531914893617021,0.19148936170212766,26,21,9,38
spn40.jpeg,38,0.5,0.631578947368421,0.13157894736842105,24,14,5,33
spn41.jpeg,38,0.631578947368421,0.8421052631578947,0.21052631578947367,32,6,8,30
spn42.jpeg,49,0.5306122448979591,0.6530612244897959,0.12244897959183673,32,17,6,43
spn43.jpeg,48,0.37500000000000006,0.6458333333333334,0.2708333333333333,31,17,13,35
spn44.jpeg,45,0.33333333333333337,0.4666666666666667,0.13333333333333333,21,24,6,39
spn45.jpeg,47,0.6170212765957447,0.7021276595744681,0.0851063829787234,33,14,4,43
spn46.jpeg,47,0.5531914893617021,0.5531914893617021,0.0,26,21,0,47
spn47.jpeg,46,0.5217391304347826,0.8478260869565217,0.32608695652173914,39,7,15,31
spn48.jpeg,39,0.7692307692307693,0.9230769230769231,0.15384615384615385,36,3,6,33
spn49.jpeg,31,0.2903225806451613,0.41935483870967744,0.12903225806451613,13,18,4,27
spn5.jpeg,44,0.5227272727272727,0.6363636363636364,0.11363636363636363,28,16,5,39
spn50.jpg,42,0.5952380952380952,0.6904761904761905,0.09523809523809523,29,13,4,38
spn51.jpeg,46,0.3260869565217391,0.7391304347826086,0.41304347826086957,34,12,19,27
spn52.jpg,40,0.42500000000000004,0.55,0.125,22,18,5,35
spn53.jpg,54,0.3703703703703704,0.5555555555555556,0.18518518518518517,30,24,10,44
spn54.jpg,53,0.4905660377358491,0.8113207547169812,0.32075471698113206,43,10,17,36
spn55.jpg,45,0.5111111111111111,0.7333333333333333,0.2222222222222222,33,12,10,35
spn56.jpg,44,0.5681818181818181,0.7954545454545454,0.22727272727272727,35,9,10,34
spn57.jpg,48,0.37500000000000006,0.7083333333333334,0.3333333333333333,34,14,16,32
spn58.jpg,55,0.509090909090909,0.5818181818181818,0.07272727272727272,32,23,4,51
spn59.jpg,37,0.5405405405405406,0.7297297297297297,0.1891891891891892,27,10,7,30
spn6.jpeg,47,0.5319148936170214,0.574468085106383,0.0425531914893617,27,20,2,45
spn60.jpg,39,0.641025641025641,0.8205128205128205,0.1794871794871795,32,7,7,32
spn61.jpg,39,0.358974358974359,0.717948717948718,0.358974358974359,28,11,14,25
spn62.jpg,47,0.4893617021276596,0.723404255319149,0.23404255319148937,34,13,11,36
spn63.jpg,45,0.5111111111111111,0.6888888888888889,0.17777777777777778,31,14,8,37
spn64.jpg,42,0.7619047619047619,0.8571428571428571,0.09523809523809523,36,6,4,38
spn65.jpg,47,0.6382978723404256,0.723404255319149,0.0851063829787234,34,13,4,43
spn66.jpg,47,0.19148936170212763,0.40425531914893614,0.2127659574468085,19,28,10,37
spn67.jpg,52,0.24999999999999994,0.6346153846153846,0.38461538461538464,33,19,20,32
spn68.jpg,52,0.38461538461538464,0.4807692307692308,0.09615384615384616,25,27,5,47
spn69.jpg,38,0.5789473684210527,0.9210526315789473,0.34210526315789475,35,3,13,25
spn7.jpg,43,0.6511627906976745,0.8372093023255814,0.18604651162790697,36,7,8,35
spn70.jpg,45,0.3333333333333333,0.6666666666666666,0.3333333333333333,30,15,15,30
spn71.jpg,36,0.5833333333333333,0.7222222222222222,0.1388888888888889,26,10,5,31
spn72.jpg,41,0.7073170731707317,0.7560975609756098,0.04878048780487805,31,10,2,39
spn73.jpeg,47,0.5106382978723405,0.723404255319149,0.2127659574468085,34,13,10,37
spn74.jpg,40,0.125,0.375,0.25,15,25,10,30
spn75.jpg,51,0.5490196078431373,0.7058823529411765,0.1568627450980392,36,15,8,43
spn8.jpg,41,0.6829268292682927,0.8048780487804879,0.12195121951219512,33,8,5,36
spn9.jpeg,42,0.4285714285714286,0.5238095238095238,0.09523809523809523,22,20,4,38
un1.jpeg,34,0.3235294117647059,0.6764705882352942,0.35294117647058826,23,11,12,22
un10.jpg,44,0.45454545454545453,0.75,0.29545454545454547,33,11,13,31
un11.jpg,38,0.26315789473684215,0.5,0.23684210526315788,19,19,9,29
un12.jpeg,28,0.35714285714285715,0.75,0.39285714285714285,21,7,11,17
un13.jpeg,42,0.4047619047619047,0.6666666666666666,0.2619047619047619,28,14,11,31
un14.jpg,43,0.32558139534883723,0.5116279069767442,0.18604651162790697,22,21,8,35
un15.jpeg,45,0.22222222222222232,0.8,0.5777777777777777,36,9,26,19
un16.JPG,49,0.4489795918367347,0.7755102040816326,0.32653061224489793,38,11,16,33
un17.jpeg,36,0.19444444444444442,0.6388888888888888,0.4444444444444444,23,13,16,20
un18.jpg,52,0.5,0.75,0.25,39,13,13,39
un19.jpeg,37,0.43243243243243246,0.5945945945945946,0.16216216216216217,22,15,6,31
un2.jpg,48,0.4166666666666667,0.5208333333333334,0.10416666666666667,25,23,5,43
un20.jpg,52,0.46153846153846156,0.5192307692307693,0.057692307692307696,27,25,3,49
un21.jpg,34,0.6176470588235294,0.6764705882352942,0.058823529411764705,23,11,2,32
un22.jpg,45,0.42222222222222217,0.5111111111111111,0.08888888888888889,23,22,4,41
un23.jpg,36,0.47222222222222215,0.8888888888888888,0.4166666666666667,32,4,15,21
un24.jpeg,41,0.4390243902439025,0.6585365853658537,0.21951219512195122,27,14,9,32
un25.jpg,40,0.75,0.875,0.125,35,5,5,35
un26.jpg,41,0.3414634146341463,0.4878048780487805,0.14634146341463414,20,21,6,35
un27.jpg,46,0.5869565217391305,0.7608695652173914,0.17391304347826086,35,11,8,38
un28.jpg,39,0.5128205128205129,0.7692307692307693,0.2564102564102564,30,9,10,29
un29.jpg,36,0.5,0.8333333333333334,0.3333333333333333,30,6,12,24
un3.jpg,43,0.4418604651162791,0.7441860465116279,0.3023255813953488,32,11,13,30
un30.jpg,49,0.4489795918367347,0.7755102040816326,0.32653061224489793,38,11,16,33
un31.jpg,46,0.5,0.7608695652173914,0.2608695652173913,35,11,12,34
un32.jpg,44,0.5,0.6136363636363636,0.11363636363636363,27,17,5,39
un33.jpg,48,0.4583333333333333,0.8541666666666666,0.3958333333333333,41,7,19,29
un34.jpg,48,0.49999999999999994,0.8541666666666666,0.3541666666666667,41,7,17,31
un35.jpg,52,0.21153846153846156,0.5576923076923077,0.34615384615384615,29,23,18,34
un36.jpg,41,0.6829268292682927,0.7804878048780488,0.0975609756097561,32,9,4,37
un37.jpg,45,0.4222222222222222,0.5333333333333333,0.1111111111111111,24,21,5,40
un38.jpg,52,0.4230769230769231,0.5961538461538461,0.17307692307692307,31,21,9,43
un39.jpg,37,0.21621621621621617,0.6756756756756757,0.4594594594594595,25,12,17,20
un4.jpeg,35,0.19999999999999996,0.5142857142857142,0.3142857142857143,18,17,11,24
un40.jpg,42,0.4523809523809524,0.8809523809523809,0.42857142857142855,37,5,18,24
un41.jpg,45,0.6,0.9111111111111111,0.3111111111111111,41,4,14,31
un42.jpg,34,0.2941176470588236,0.7058823529411765,0.4117647058823529,24,10,14,20
un43.jpg,45,0.5555555555555556,0.7555555555555555,0.2,34,11,9,36
un44.jpg,51,0.7058823529411765,0.8627450980392157,0.1568627450980392,44,7,8,43
un45.jpg,54,0.7407407407407407,0.8148148148148148,0.07407407407407407,44,10,4,50
un46.jpg,36,0.4444444444444444,0.7222222222222222,0.2777777777777778,26,10,10,26
un47.jpg,47,0.48936170212765956,0.6808510638297872,0.19148936170212766,32,15,9,38
un48.jpg,38,0.39473684210526316,0.47368421052631576,0.07894736842105263,18,20,3,35
un49.jpg,53,0.4339622641509434,0.6037735849056604,0.16981132075471697,32,21,9,44
un5.jpg,61,0.7049180327868853,0.8360655737704918,0.13114754098360656,51,10,8,53
un50.jpg,41,0.5365853658536586,0.6341463414634146,0.0975609756097561,26,15,4,37
un51.jpg,51,0.4901960784313726,0.7058823529411765,0.21568627450980393,36,15,11,40
un52.jpg,44,0.6136363636363636,0.7727272727272727,0.1590909090909091,34,10,7,37
un53.jpg,29,0.4827586206896552,0.6206896551724138,0.13793103448275862,18,11,4,25
un54.jpg,46,0.19565217391304346,0.5652173913043478,0.3695652173913043,26,20,17,29
un55.jpg,37,0.1891891891891892,0.4594594594594595,0.2702702702702703,17,20,10,27
un56.jpg,57,0.543859649122807,0.8596491228070176,0.3157894736842105,49,8,18,39
un57.jpg,36,0.7222222222222222,0.8055555555555556,0.08333333333333333,29,7,3,33
un58.jpg,37,0.3243243243243243,0.5135135135135135,0.1891891891891892,19,18,7,30
un59.jpg,48,0.22916666666666669,0.6458333333333334,0.4166666666666667,31,17,20,28
un6.jpeg,47,0.6382978723404256,0.7659574468085106,0.1276595744680851,36,11,6,41
un60.jpg,43,0.4651162790697674,0.7906976744186046,0.32558139534883723,34,9,14,29
un61.jpg,46,0.5,0.7608695652173914,0.2608695652173913,35,11,12,34
un62.jpg,50,0.24000000000000002,0.46,0.22,23,27,11,39
un63.jpg,47,0.5319148936170213,0.6808510638297872,0.14893617021276595,32,15,7,40
un64.jpg,35,0.48571428571428577,0.7428571428571429,0.2571428571428571,26,9,9,26
un65.jpg,44,0.29545454545454547,0.6136363636363636,0.3181818181818182,27,17,14,30
un66.jpg,47,0.425531914893617,0.5319148936170213,0.10638297872340426,25,22,5,42
un67.jpg,42,0.30952380952380953,0.3333333333333333,0.023809523809523808,14,28,1,41
un68.jpg,44,0.3409090909090909,0.6590909090909091,0.3181818181818182,29,15,14,30
un69.jpg,37,0.32432432432432434,0.6486486486486487,0.32432432432432434,24,13,12,25
un7.jpg,41,0.5121951219512195,0.6097560975609756,0.0975609756097561,25,16,4,37
un70.jpg,48,0.6041666666666667,0.7083333333333334,0.10416666666666667,34,14,5,43
un71.jpg,35,0.5142857142857142,0.6571428571428571,0.14285714285714285,23,12,5,30
un72.jpg,33,0.2727272727272727,0.5454545454545454,0.2727272727272727,18,15,9,24
un73.jpg,44,0.7727272727272727,0.8636363636363636,0.09090909090909091,38,6,4,40
un74.jpg,48,0.4791666666666667,0.7708333333333334,0.2916666666666667,37,11,14,34
un75.jpg,52,0.5384615384615384,0.8461538461538461,0.3076923076923077,44,8,16,36
un8.jpeg,38,0.2894736842105263,0.7105263157894737,0.42105263157894735,27,11,16,22
un9.jpg,43,0.39534883720930236,0.5813953488372093,0.18604651162790697,25,18,8,35
uu1.JPG,36,0.5277777777777778,0.8055555555555556,0.2777777777777778,29,7,10,26
uu10.jpg,46,0.6521739130434783,0.8260869565217391,0.17391304347826086,38,8,8,38
uu11.jpg,39,0.6153846153846153,0.7948717948717948,0.1794871794871795,31,8,7,32
uu12.jpg,44,0.6590909090909091,0.7954545454545454,0.13636363636363635,35,9,6,38
uu13.jpg,51,0.5098039215686274,0.7843137254901961,0.27450980392156865,40,11,14,37
uu14.jpg,42,0.5,0.8333333333333334,0.3333333333333333,35,7,14,28
uu15.jpg,45,0.6222222222222222,0.7111111111111111,0.08888888888888889,32,13,4,41
uu16.jpg,38,0.5,0.7894736842105263,0.2894736842105263,30,8,11,27
uu17.jpg,47,0.6595744680851063,0.8297872340425532,0.1702127659574468,39,8,8,39
uu18.jpg,52,0.6538461538461539,0.75,0.09615384615384616,39,13,5,47
uu19.jpg,41,0.5121951219512195,0.5853658536585366,0.07317073170731707,24,17,3,38
uu2.jpg,48,0.375,0.6875,0.3125,33,15,15,33
uu20.jpg,40,0.675,0.8,0.125,32,8,5,35
uu21.jpg,54,0.5925925925925926,0.6666666666666666,0.07407407407407407,36,18,4,50
uu22.jpg,37,0.5945945945945945,0.6756756756756757,0.08108108108108109,25,12,3,34
uu23.jpg,49,0.5714285714285714,0.7142857142857143,0.14285714285714285,35,14,7,42
uu24.jpg,50,0.6399999999999999,0.84,0.2,42,8,10,40
uu25.jpg,41,0.7073170731707318,0.7804878048780488,0.07317073170731707,32,9,3,38
uu26.jpg,56,0.5357142857142857,0.6607142857142857,0.125,37,19,7,49
uu27.jpg,41,0.7073170731707317,0.7317073170731707,0.024390243902439025,30,11,1,40
uu28.jpg,55,0.4727272727272727,0.6545454545454545,0.18181818181818182,36,19,10,45
uu29.jpg,39,0.7435897435897436,0.8205128205128205,0.07692307692307693,32,7,3,36
uu3.jpg,26,0.5,0.8461538461538461,0.34615384615384615,22,4,9,17
uu30.jpg,51,0.7058823529411765,0.7450980392156863,0.0392156862745098,38,13,2,49
uu31.jpeg,33,0.6666666666666667,0.8181818181818182,0.15151515151515152,27,6,5,28
uu32.jpeg,40,0.6749999999999999,0.725,0.05,29,11,2,38
uu33.jpeg,45,0.6666666666666667,0.8,0.13333333333333333,36,9,6,39
uu34.jpeg,41,0.6341463414634146,0.7073170731707317,0.07317073170731707,29,12,3,38
uu35.jpeg,46,0.7391304347826088,0.782608695652174,0.043478260869565216,36,10,2,44
uu36.jpeg,40,0.575,0.625,0.05,25,15,2,38
uu37.jpg,44,0.6136363636363635,0.6818181818181818,0.06818181818181818,30,14,3,41
uu38.jpeg,54,0.6111111111111112,0.6296296296296297,0.018518518518518517,34,20,1,53
uu39.jpeg,36,0.5555555555555556,0.7777777777777778,0.2222222222222222,28,8,8,28
uu4.jpg,41,0.6829268292682927,0.9024390243902439,0.21951219512195122,37,4,9,32
uu40.jpeg,41,0.6829268292682927,0.7560975609756098,0.07317073170731707,31,10,3,38
uu41.jpeg,37,0.6216216216216216,0.8378378378378378,0.21621621621621623,31,6,8,29
uu42.jpeg,40,0.475,0.7,0.225,28,12,9,31
uu43.jpeg,45,0.4444444444444445,0.6444444444444445,0.2,29,16,9,36
uu44.jpeg,42,0.6190476190476191,0.6904761904761905,0.07142857142857142,29,13,3,39
uu45.jpg,41,0.6585365853658536,0.8536585365853658,0.1951219512195122,35,6,8,33
uu46.jpg,33,0.6666666666666667,0.696969696969697,0.030303030303030304,23,10,1,32
uu47.jpg,51,0.5490196078431373,0.7843137254901961,0.23529411764705882,40,11,12,39
uu48.jpg,47,0.6808510638297872,0.8936170212765957,0.2127659574468085,42,5,10,37
uu49.jpg,47,0.3404255319148936,0.5319148936170213,0.19148936170212766,25,22,9,38
uu5.jpg,48,0.6458333333333334,0.75,0.10416666666666667,36,12,5,43
uu50.jpg,41,0.5121951219512195,0.8292682926829268,0.3170731707317073,34,7,13,28
uu51.jpg,41,0.5121951219512195,0.6341463414634146,0.12195121951219512,26,15,5,36
uu52.jpg,41,0.6829268292682926,0.8292682926829268,0.14634146341463414,34,7,6,35
uu53.jpg,48,0.375,0.75,0.375,36,12,18,30
uu54.jpg,50,0.4,0.78,0.38,39,11,19,31
uu55.jpg,35,0.5714285714285714,0.7142857142857143,0.14285714285714285,25,10,5,30
uu56.jpg,37,0.5405405405405406,0.7837837837837838,0.24324324324324326,29,8,9,28
uu57.jpg,41,0.7317073170731707,0.7560975609756098,0.024390243902439025,31,10,1,40
uu58.jpg,41,0.3170731707317074,0.5365853658536586,0.21951219512195122,22,19,9,32
uu59.jpg,32,0.5,0.6875,0.1875,22,10,6,26
uu6.jpg,44,0.5681818181818182,0.7045454545454546,0.13636363636363635,31,13,6,38
uu60.jpg,29,0.5862068965517242,0.6896551724137931,0.10344827586206896,20,9,3,26
uu61.jpg,45,0.4888888888888888,0.7333333333333333,0.24444444444444444,33,12,11,34
uu62.jpg,39,0.5641025641025641,0.6923076923076923,0.1282051282051282,27,12,5,34
uu63.jpg,49,0.4897959183673469,0.7959183673469388,0.30612244897959184,39,10,15,34
uu64.jpg,46,0.3695652173913043,0.5652173913043478,0.1956521739130435,26,20,9,37
uu65.jpg,44,0.4318181818181818,0.7727272727272727,0.3409090909090909,34,10,15,29
uu66.jpg,44,0.6818181818181819,0.8409090909090909,0.1590909090909091,37,7,7,37
uu67.jpg,47,0.7872340425531914,0.8936170212765957,0.10638297872340426,42,5,5,42
uu68.jpg,44,0.6363636363636364,0.8409090909090909,0.20454545454545456,37,7,9,35
uu69.jpg,33,0.5757575757575758,0.696969696969697,0.12121212121212122,23,10,4,29
uu7.jpg,37,0.5675675675675675,0.7027027027027027,0.13513513513513514,26,11,5,32
uu70.jpg,41,0.43902439024390244,0.5121951219512195,0.07317073170731707,21,20,3,38
uu71.jpg,34,0.5882352941176471,0.6764705882352942,0.08823529411764706,23,11,3,31
uu72.jpg,48,0.5,0.75,0.25,36,12,12,36
uu73.jpg,40,0.5499999999999999,0.825,0.275,33,7,11,29
uu74.jpg,40,0.55,0.675,0.125,27,13,5,35
uu75.jpg,41,0.5853658536585366,0.7073170731707317,0.12195121951219512,29,12,5,36
uu8.jpeg,39,0.6153846153846154,0.717948717948718,0.10256410256410256,28,11,4,35
uu9.jpg,32,0.65625,0.8125,0.15625,26,6,5,27
