image_name,jpeg_based_compressibility,canny_based_compressibility
0000.jpg,-1.1446508497100416,0.12281215243224258
0001.jpg,-1.0260207724571957,0.2432276907375438
0002.jpg,-1.2312654330890904,0.2385305290604886
0003.jpg,-1.0756552514415139,0.26515069218265164
0004.jpg,-1.1898279434146082,0.20926892789002394
0005.jpg,-1.035267878183154,0.2778150604760046
0006.jpg,-1.051756015159098,0.10433963988278022
0007.jpg,-1.1680255189860829,0.12755538579067993
0008.jpg,-0.9864017402654781,0.11572603743292585
0009.jpg,-1.4268876450777659,0.20082646629518977
0010.jpg,-1.0770258284165342,-0.024545933382690413
0011.jpg,-0.938972494779677,0.22413973318663183
0012.jpg,-1.2764819873047302,0.16912085450537012
0013.jpg,-0.86953069636606,0.316107099609813
0014.jpg,-0.9411366277124531,0.3203318354649153
0015.jpg,-1.218069706092701,0.18771262598679314
0016.jpg,-1.2262713897465582,0.18435777949244503
0017.jpg,-1.0620126114026158,0.26160038944091507
0018.jpg,-1.3541019997377495,0.25146275238348
0019.jpg,-1.289169127637201,0.30642220744517706
0020.jpg,-1.3238201291460567,0.16624852420306968
0021.jpg,-1.089785140574382,0.25257838680657474
0022.jpg,-1.0685560953968007,0.15539968298514598
0023.jpg,-1.3976459936141727,0.19597212062020233
0024.jpg,-1.100377758505442,0.14296991122002173
0025.jpg,-0.9164471155367283,0.27564780539397143
0026.jpg,-0.9023097541021936,0.18356547056971986
0027.jpg,-0.9755292830731525,0.24191650074503573
0028.jpg,-1.1509208185002298,0.22288727913695514
0029.jpg,-1.0136449098869567,0.2561106849081533
0030.jpg,-1.015300414612538,0.2207740137221269
0031.jpg,-1.4138331235690484,-0.056576813161350124
0032.jpg,-0.9864444820390206,0.3199713533601734
0033.jpg,-0.944079431435148,0.2646440101954121
0034.jpg,-1.1063028213191235,0.3200960956994285
0035.jpg,-1.4335807160044751,0.29734890492110033
0036.jpg,-1.1032063855353877,0.2444346056034599
0037.jpg,-1.013564854544085,0.2817733418700266
0038.jpg,-1.2371841073318823,0.3126650900077823
0039.jpg,-1.1841187054376376,0.1698341236599812
0040.jpg,-1.210170640232358,0.22319677451215555
0041.jpg,-1.1770972410088607,0.24883783392905098
0042.jpg,-0.9056757956691689,0.19922800886850048
0043.jpg,-1.153841082520454,0.20234152220051654
0044.jpg,-1.3480828745450761,0.2001369260110519
0045.jpg,-1.3673615867988562,0.23453854568484084
0046.jpg,-1.3326290131860548,0.2130550651990111
0047.jpg,-1.1629893072328805,0.3149377299217239
0048.jpg,-1.3158175613219687,0.1756074565317882
0049.jpg,-1.432299201438618,0.11004186617529425
0050.jpg,-1.326787826086536,0.23943158687315355
0051.jpg,-1.0474250145330564,0.2430498201392526
0052.jpg,-1.044746509094978,0.25614515701077434
0053.jpg,-0.9070124554807186,0.291867131841142
0054.jpg,-0.9304728377629221,0.2413951808764489
0055.jpg,-1.139273974118629,0.2482969291328805
0056.jpg,-1.2588360240034302,0.1677957564564449
0057.jpg,-1.1281997569808269,0.28109508034360425
0058.jpg,-1.329318743382248,0.1877387743221336
0059.jpg,-1.448523122406265,0.16689459087417005
0060.jpg,-1.35255302735198,0.20291045874871178
0061.jpg,-1.2666623074206014,0.13800095077001318
0062.jpg,-1.0866125154526478,0.22488472149871694
0063.jpg,-0.8977158271643356,0.24527681525009182
0064.jpg,-1.1602182850037308,0.15656258743314988
0065.jpg,-1.1051384751429993,0.2054243114415034
0066.jpg,-1.4400059607065994,0.10236111758943983
0067.jpg,-1.2121401937150234,0.1798032180054652
0068.jpg,-1.152175711858841,0.2135186408523468
0069.jpg,-1.0238734604154076,0.21672851449693892
0070.jpg,-1.2363284699496384,0.2755494701993521
0071.jpg,-1.1730189704460667,0.12128708189279222
0072.jpg,-1.2231456185236445,0.15788451101016435
0073.jpg,-1.2141377306945496,0.21287902469521727
0074.jpg,-1.2676181867811787,0.06711758584807491
0075.jpg,-1.2688073587382536,0.25936781843501694
0076.jpg,-1.2279820717217804,0.09431388401029617
0077.jpg,-1.1400881867652919,0.29146719552430855
0078.jpg,-1.1156491892119222,0.3131463160107943
0079.jpg,-1.2668189531327454,0.30937089062867384
0080.jpg,-1.2868358457457858,0.11576350159027325
0081.jpg,-1.1586795158836138,0.32987652741347323
0082.jpg,-1.1338760264853887,0.19734807275604427
0083.jpg,-1.3856039500481707,0.23675150054644534
0084.jpg,-1.0835696209558803,0.2640973858626305
0085.jpg,-1.2410731647266424,0.23010376981203562
0086.jpg,-1.0499618023924007,0.2293573667711599
0087.jpg,-1.0966003718916397,0.1998857743771984
0088.jpg,-1.086527524469441,0.13451554538069563
0089.jpg,-1.2199507424560423,0.18988688309131874
0090.jpg,-1.3783852239954977,0.29271660045907705
0091.jpg,-1.2113224316251412,0.29469359227797953
0092.jpg,-1.372388762424723,0.09458544663035441
0093.jpg,-1.2335707339107032,0.12928445848178863
0094.jpg,-1.3707231578995631,0.2260095062732839
0095.jpg,-1.0953439412916524,0.23764728692095802
0096.jpg,-1.1572977360135037,0.19944964642616506
0097.jpg,-1.3026992801311148,0.2217875557788704
0098.jpg,-1.2447873567911731,0.19230477626360107
0099.jpg,-1.25916233680248,0.26579786236639796
0100.jpg,-1.1483016123540786,0.22609821629638832
0101.jpg,-1.0963584700554763,0.1554868732714544
0102.jpg,-1.0216771316531486,0.21910876222230102
0103.jpg,-1.169247610583153,0.2813130158202191
0104.jpg,-1.1479785647280287,0.25381216665495787
0105.jpg,-1.2119182063699792,0.22442941761460952
0106.jpg,-0.9428948812341038,0.28798588518678997
0107.jpg,-1.2049434469307967,0.1702256909776159
0108.jpg,-1.3255525342010392,0.19796095352920026
0109.jpg,-1.317432477638517,0.20100428128985245
0110.jpg,-1.2294885499665507,0.23940379542602502
0111.jpg,-1.2130057241391947,0.18031362333941134
0112.jpg,-1.250676141867277,0.22151557297593452
0113.jpg,-1.2677770332930727,0.061421253616849476
0114.jpg,-1.3327925452413745,0.3021957648384436
0115.jpg,-1.5769026743963974,0.14059844319074483
0116.jpg,-1.1813890887178207,0.16519999298646193
0117.jpg,-1.3031250861733763,-0.03619596899706194
0118.jpg,-1.4376958564324902,0.11883794207569875
0119.jpg,-1.1863248386040313,0.20709477947282012
0120.jpg,-1.0797686531127817,0.19829775404917055
0121.jpg,-1.1525938302230838,0.15286597593582887
0122.jpg,-0.8904101388152893,0.30112121530196473
0123.jpg,-1.0553979279370178,0.19951402796936415
0124.jpg,-1.1427542527344134,0.23824904029884147
0125.jpg,-1.0967430879374809,0.0818258082557164
0126.jpg,-1.1321740202360775,0.22220632814903507
0127.jpg,-1.1336333642515675,0.2509481915933529
0128.jpg,-1.1109137529708575,0.22076613672617376
0129.jpg,-1.3298578493181952,0.18910787981640767
0130.jpg,-1.2671944831422837,0.15963668832694627
0131.jpg,-1.2055485029345874,0.1307357626355782
0132.jpg,-1.236066617451649,0.271085726689368
0133.jpg,-1.2112282366649791,0.23379377878686772
0134.jpg,-0.9765877060377136,0.2589616173499204
0135.jpg,-1.236769132217095,0.17431194628108923
0136.jpg,-1.4009210798914409,0.2978431220907022
0137.jpg,-1.1455562687728986,0.2915254166657985
0138.jpg,-0.9467244629627694,0.336075406052268
0139.jpg,-1.0832711594227167,0.2945594535663095
0140.jpg,-1.1472609531755043,0.2473432571173004
0141.jpg,-1.22751236081321,0.23416294316615857
0142.jpg,-1.2242243418078333,0.2649424077041965
0143.jpg,-1.1918550212947119,0.2318084276238783
0144.jpg,-1.1370869495675178,0.1810865272480693
0145.jpg,-1.1524599742575956,0.25949809796479084
0146.jpg,-1.14243254401493,0.18503275297362526
0147.jpg,-1.085855344203607,0.16911556155713686
0148.jpg,-1.1827109052935612,0.2660792640398351
0149.jpg,-1.1151770954713456,0.18583333159246027
0150.jpg,-1.4178026958931702,0.1604421402341038
0151.jpg,-1.3470548487561862,0.1789672633383131
0152.jpg,-1.0431455178614062,0.1623917977016193
0153.jpg,-1.4286903160085267,0.20251525837653728
0154.jpg,-1.3244613168680668,0.06062907148790664
0155.jpg,-1.3748458663667127,0.12677750577858823
0156.jpg,-1.1954502462222325,0.13312249063544399
0157.jpg,-1.5567616011675647,0.07216911652221043
0158.jpg,-1.38071248088675,0.1305645178296535
0159.jpg,-1.1129737873598902,0.20037724648777921
0160.jpg,-0.9972251914960131,0.1593982604771929
0161.jpg,-1.581478239049443,0.08595270132912557
0162.jpg,-0.9804562444405664,0.19154542596218435
0163.jpg,-1.0641641541354276,0.10914307193102231
0164.jpg,-0.9768510192268623,0.2766352679887357
0165.jpg,-1.038623958393498,0.13215003361097877
0166.jpg,-0.972560892501943,0.05461227594394112
0167.jpg,-1.1942535005312895,0.2754970818082897
0168.jpg,-1.2853366224102256,0.2336418949697404
0169.jpg,-1.180496805130696,0.23597622459268686
0170.jpg,-1.1071320884637788,0.24149297488033306
0171.jpg,-0.9966672783078491,0.30373400450003385
0172.jpg,-1.3271671274054861,0.14063429137760156
0173.jpg,-1.2899477887625397,0.12749938726388715
0174.jpg,-1.2578399642305342,0.13295926673251207
0175.jpg,-1.5595753685179146,0.17019566460876942
0176.jpg,-1.253367460478864,0.29934692700883697
0177.jpg,-1.39816388670977,0.3069408511017932
0178.jpg,-1.2366021685813628,0.2586824349152563
0179.jpg,-1.1601171443408438,0.08550964439924645
0180.jpg,-1.3262163776449922,0.17487690953020552
0181.jpg,-1.0404732827873682,0.18658146152602914
0182.jpg,-1.450597737067161,0.31097617790477383
0183.jpg,-1.3612170560062153,0.2176258219796278
0184.jpg,-1.092305424209318,0.21153738312516124
0185.jpg,-1.2483251827883648,0.08869989794489024
0186.jpg,-1.181209721818174,0.22441338951839762
0187.jpg,-1.325678930205874,0.2190588474342406
0188.jpg,-1.2465822296481752,0.24385441097600996
0189.jpg,-1.3716141329345315,0.06327951856156007
0190.jpg,-1.4797280075710626,0.08259185875268185
0191.jpg,-1.1531423863391017,0.20393021202674236
0192.jpg,-1.4061416388219083,0.15558137796860652
0193.jpg,-1.267141018204122,0.10093497545113718
0194.jpg,-1.069224978784638,0.14047232904867812
0195.jpg,-1.4240065546800635,0.153609953224934
0196.jpg,-1.2495234902152508,0.16799470419496407
0197.jpg,-1.242567569630019,0.16885008464097356
0198.jpg,-1.340840708757962,0.1177495882508555
0199.jpg,-1.3360943700988472,0.21220451472817406
0200.jpg,-1.2018476257415267,0.2628992030336994
0201.jpg,-1.4662654343590424,0.30836988121304887
0202.jpg,-1.5379636097788574,0.07477799637864971
0203.jpg,-1.188493687071936,0.21112692617117398
0204.jpg,-1.419880809091444,0.22678269485519814
0205.jpg,-1.280257511799132,0.2778927414896137
0206.jpg,-1.4549698800513777,0.3611947040403362
0207.jpg,-1.2760086748910597,0.3204067035617155
0208.jpg,-1.1441233978996832,0.17637715049864325
0209.jpg,-1.234869775785083,0.3111475602610552
0210.jpg,-1.3603024391374328,0.1885284354420157
0211.jpg,-1.2333196184409927,0.13447055567659233
0212.jpg,-1.2085332015529846,0.19191844074717587
0213.jpg,-1.371971080072682,0.273093925644455
0214.jpg,-1.235791999102268,0.18832560762233297
0215.jpg,-1.1740124217363808,0.22140218366121162
0216.jpg,-1.181950952889263,0.16663584879665283
0217.jpg,-1.3686327303104666,0.2555059450233136
0218.jpg,-1.5252585605651285,0.20599010850696475
0219.jpg,-1.3138434468466396,0.24796444223683334
0220.jpg,-1.3340649945816854,0.31417529342710104
0221.jpg,-1.1932564080435615,0.2250845885237054
0222.jpg,-1.2321472153683606,0.22580234875143085
0223.jpg,-1.3852551899307701,0.2986649713922441
0224.jpg,-1.1336541711339687,0.3147823398013614
0225.jpg,-1.0143281853158133,0.2869468640363077
0226.jpg,-1.3984548059615243,0.25295401732272377
0227.jpg,-1.3111583795291664,0.20293942377165658
0228.jpg,-1.4209190886611187,0.27725176126083334
0229.jpg,-1.2747571247019662,0.18419282885833155
0230.jpg,-1.0925939892210197,0.18636585344223627
0231.jpg,-1.3933428017736904,0.29063215277899124
0232.jpg,-1.3945658263244536,0.18228817841070655
0233.jpg,-1.1920383277764834,0.2947321924275519
0234.jpg,-1.2193443725325464,0.35842789308246203
0235.jpg,-1.2415935104264255,0.2712739528644065
0236.jpg,-1.3267305924987287,0.09611000750627337
0237.jpg,-1.26332808296043,0.24570798949144756
0238.jpg,-1.2229070135679967,0.22436244517840712
0239.jpg,-1.1642796576310779,0.1763305525079181
0240.jpg,-1.0923117166598824,0.30307476409024214
0241.jpg,-1.0466469937288418,0.22410552768732825
0242.jpg,-1.1149590082483407,0.25809578566896063
0243.jpg,-1.041725520483626,0.28083323137158944
0244.jpg,-1.0098527050337722,0.27871388501712174
0245.jpg,-1.4046080494361575,0.2143202014183128
0246.jpg,-1.0651050887888667,0.358486761489662
0247.jpg,-1.0538407663570128,0.2732050900114909
0248.jpg,-1.3772101845246325,0.23122511781164104
0249.jpg,-1.2412449798748346,0.2472686182298731
0250.jpg,-1.0038234345329071,0.3053439165919706
0251.jpg,-1.2229955629354543,0.31740109301523317
0252.jpg,-1.1216866330440414,0.22261891004782555
0253.jpg,-1.332046879491114,0.27330427435022486
0254.jpg,-1.2230945590903664,0.20968213490993554
0255.jpg,-1.3317433230910836,0.2750212084438138
0256.jpg,-1.1104435720092993,0.18420964055752462
0257.jpg,-0.9644616908266376,0.27015285289179725
0258.jpg,-0.9825655020258034,0.16231834316656937
0259.jpg,-1.4214807696525171,0.4097370369234677
0260.jpg,-0.9990440496425381,0.22746265573300725
0261.jpg,-1.1355071089300828,0.3790842958863299
0262.jpg,-1.2751088885599995,0.27726777717168694
0263.jpg,-1.1182700669428771,0.21187587892806922
0264.jpg,-1.3593235571016706,0.35904780075010934
0265.jpg,-1.2722737865639495,0.20890717619564572
0266.jpg,-1.1514533725684004,0.21964477955292494
0267.jpg,-1.4244849852074943,0.19812987012987013
0268.jpg,-1.0034180173485765,0.27190126815995336
0269.jpg,-1.2167391878903608,0.12583674011099832
0270.jpg,-1.257895297478254,0.21033134756320182
0271.jpg,-1.4977980185221444,0.3271983358360082
0272.jpg,-1.2897031880549836,0.23471107487309387
0273.jpg,-0.972630518800001,0.36295588677911983
0274.jpg,-1.113373605272659,0.3047504240091875
0275.jpg,-0.9759125969946356,0.0882802058216371
0276.jpg,-0.9641784162151588,0.38769074185480723
0277.jpg,-1.357538338930953,0.2337103711964314
0278.jpg,-1.161635596871129,0.16217024204804167
0279.jpg,-1.0050023730472344,0.35254053810243347
0280.jpg,-1.0837813685245266,0.13782509090055065
0281.jpg,-1.1785740690044988,0.2564349219618032
0282.jpg,-1.0625073502816824,0.29994672915225024
0283.jpg,-0.9512685871853738,0.25738996882287785
0284.jpg,-1.1318793333911765,0.18948698299608557
0285.jpg,-1.279418498199121,0.30782532217311254
0286.jpg,-1.2415054895108821,0.24197684682361234
0287.jpg,-1.1799376317405716,0.13197215761366635
0288.jpg,-1.1875245956159042,0.23049004963472244
0289.jpg,-1.17261252641974,0.3302055858870321
0290.jpg,-0.9081565228503424,0.20905114010297704
0291.jpg,-1.3577002836703447,0.2576531165546769
0292.jpg,-1.039379583936053,0.3135411096630429
0293.jpg,-1.1418287644578442,0.29878193574506684
0294.jpg,-1.0224696424385915,0.34104002811006234
0295.jpg,-1.3870918966805283,0.23245946289152297
0296.jpg,-1.002887925041308,0.28576501826632045
0297.jpg,-1.147610960713125,0.2619567156895413
0298.jpg,-1.1679185520711164,0.26323242227066096
0299.jpg,-1.0081360638495682,0.2548305551859807
0300.jpg,-1.099821364831061,0.2856289390369245
0301.jpg,-1.4989344707216168,0.2215438981583541
0302.jpg,-1.0122954348259057,0.21458598178186022
0303.jpg,-1.3173959643167834,0.30758577121197395
0304.jpg,-1.0197118018775568,0.14299928389703953
0305.jpg,-0.7557962180349206,0.3997085798134296
0306.jpg,-1.10504087159647,0.225693838366207
0307.jpg,-1.1564142504032786,0.264657918730387
0308.jpg,-1.1537196671715197,0.018365120828019475
0309.jpg,-1.1974984832439661,0.3316974971706711
0310.jpg,-0.9042141108745048,0.19678593736351938
0311.jpg,-1.0752687305347952,0.38285373683114415
0312.jpg,-0.9935814993424104,0.24414498489517633
0313.jpg,-1.077266386897006,0.12712354501252396
0314.jpg,-0.9624123637151669,0.28730271740859775
0315.jpg,-1.0367417769903489,0.20073218860347578
0316.jpg,-1.2633637588137587,0.1838588062914122
0317.jpg,-1.4623704175473362,0.4118134325885511
0318.jpg,-1.087776654889788,0.21105831586083437
0319.jpg,-1.1241433320489869,0.21261406574368627
0320.jpg,-1.0791205321163955,0.1758675485846782
0321.jpg,-0.9850432355928576,0.2732372955691517
0322.jpg,-0.9690638453060682,0.35233560090702953
0323.jpg,-1.0834673449706358,0.3247846370300891
0324.jpg,-1.1029505481519495,0.10955178599151191
0325.jpg,-1.1054972406200556,0.2403044543043613
0326.jpg,-1.2514104522162517,0.2211434248554913
0327.jpg,-1.1446446308778693,0.27484925477117333
0328.jpg,-1.160123409464845,0.2708688961579537
0329.jpg,-0.8614569287632868,0.34667078137099167
0330.jpg,-1.0897313086945615,0.33276747443025073
0331.jpg,-0.8824047745345195,0.30575881421224504
0332.jpg,-1.154131813722381,0.23604259806293645
0333.jpg,-1.1385985355800678,0.15717607414920884
0334.jpg,-1.031386857014918,0.3207142476326398
0335.jpg,-0.983854933706531,0.1866239922107057
0336.jpg,-1.241307457950933,0.07313834066719162
0337.jpg,-0.9900942474872898,0.21573524937043692
0338.jpg,-1.2909913163635083,0.30077950698004785
0339.jpg,-1.3578268380460665,0.2537718484320426
0340.jpg,-1.3261919607819148,0.23496961524316565
0341.jpg,-1.0655449609174297,0.2841544842304865
0342.jpg,-1.0358792266231338,0.1926057393827312
0343.jpg,-1.0976769334244387,0.27935418591351013
0344.jpg,-1.0397473126474466,0.240857255571152
0345.jpg,-1.1091148915101103,0.3210310332884977
0346.jpg,-1.0171141473444942,0.10665732612360167
0347.jpg,-1.5410258768633895,0.23729188153823486
0348.jpg,-1.1514541725295295,0.28882537588704443
0349.jpg,-0.9173119726974344,0.1787314802054259
0350.jpg,-0.8749911987038139,0.15680325992810568
0351.jpg,-1.0669666822717234,0.11311831583782009
0352.jpg,-1.007453389459535,0.31680399809210064
0353.jpg,-1.01188323735757,0.22447759888632177
0354.jpg,-1.3310779692125598,0.2962597872000069
0355.jpg,-1.1847475139905763,0.21383841811395257
0356.jpg,-1.4182138170244072,0.3515788023150518
0357.jpg,-1.3412090720622023,0.2569961102051909
0358.jpg,-0.870319415429507,0.31615538679638844
0359.jpg,-1.3275253689130093,0.17847625121918922
0360.jpg,-1.1418287170362684,0.13755831760390327
0361.jpg,-1.157649797719286,0.2541096053061813
0362.jpg,-1.1677226969352612,0.3029719058432956
0363.jpg,-1.1274351002439431,0.3327953518398967
0364.jpg,-0.9803933965183086,0.23176108953413488
0365.jpg,-1.2550551885140124,0.31052831165391587
0366.jpg,-0.9155126563958288,0.36154422081633986
0367.jpg,-1.3529550157370402,0.29631225487811375
0368.jpg,-1.132630789694075,0.24869395127324567
0369.jpg,-1.1535031053197695,0.32509891165804083
0370.jpg,-0.9866845550460381,0.18052972307778611
0371.jpg,-1.1725547234307265,0.2781446290809344
0372.jpg,-1.1190159474323225,0.1973246266899906
0373.jpg,-1.4546398446494675,0.015891405941035254
0374.jpg,-0.9955660417208765,0.16974393562929346
0375.jpg,-1.1249926653819908,0.2594675164075189
0376.jpg,-1.0395536285380638,0.25712282691747207
0377.jpg,-1.3023131715441512,0.21559574453786032
0378.jpg,-1.0707055276811472,0.2831756593229951
0379.jpg,-1.2571795437967324,0.1939333844142967
0380.jpg,-1.065672754292156,0.21167766175675698
0381.jpg,-1.090199440519025,0.2871276894835199
0382.jpg,-1.0467282237746462,0.19513882230471052
0383.jpg,-0.9922760028661801,0.09857434866962306
0384.jpg,-0.8309475956924288,0.2247735854821519
0385.jpg,-0.8959958840395064,0.325218000594297
0386.jpg,-1.2653733349321774,0.2724764444974246
0387.jpg,-1.176959824458052,0.27567403456343276
0388.jpg,-0.97878009401356,0.3217709159254573
0389.jpg,-1.294929224327033,0.2318734579968452
0390.jpg,-1.2246625559750326,0.4071706994491977
0391.jpg,-1.0838704895887188,0.16861682092952893
0392.jpg,-1.2115734653274457,0.3681876322183303
0393.jpg,-1.3224210319067604,0.23734716742169612
0394.jpg,-1.4641039904799407,-0.004694345485451271
0395.jpg,-1.4008748666185196,0.2403806336390606
0396.jpg,-1.230290321047334,0.18547855869467242
0397.jpg,-0.9471510728949866,0.22209442250907355
0398.jpg,-1.1181921269060773,0.13918257794693006
0399.jpg,-1.0952204718515197,0.3460163548971056
0400.jpg,-1.236184267022188,0.06129512898561145
0401.jpg,-1.3026779342594803,0.21761685751328133
0402.jpg,-1.0256002033799954,0.12368382292774731
0403.jpg,-0.8725227288401998,0.3744121231432609
0404.jpg,-1.0535646688236102,0.1624391893222687
0405.jpg,-0.8986331678543297,0.15093387439920775
0406.jpg,-1.1456849842786754,0.17726502660526372
0407.jpg,-1.2458433262087887,0.2611932243692888
0408.jpg,-1.3296934912322478,0.38862788350019395
0409.jpg,-1.207396098610314,0.26932435368238106
0410.jpg,-0.9653799495181019,0.1319781613197816
0411.jpg,-1.1414988905133767,0.06819845844593246
0412.jpg,-1.8676448607809704,0.3427832555256378
0413.jpg,-1.0523934240885544,0.2496169184856069
0414.jpg,-1.1228547370635544,0.13494474310038168
0415.jpg,-1.2003827776322638,0.28046903514905264
0416.jpg,-1.3243625801684706,0.34289653490466954
0417.jpg,-0.9055081886741222,0.23858180230943216
0418.jpg,-1.1182385051828279,0.28914965177027135
0419.jpg,-0.9645841081601166,0.22335037982225311
0420.jpg,-1.1467255435176869,0.34627639398154003
0421.jpg,-1.030965614160254,0.21684358953893632
0422.jpg,-1.3494479346060249,0.362287489551607
0423.jpg,-1.2674320202799476,0.19367588932806323
0424.jpg,-0.9477030544938742,0.33653709951955124
0425.jpg,-1.2113500848300016,0.11402934508024216
0426.jpg,-1.0787572265021603,0.19035248828811144
0427.jpg,-0.9486415602408915,0.1426919789390124
0428.jpg,-1.0266907341170344,0.2207777924420395
0429.jpg,-0.9496988069052668,0.32159871531804796
0430.jpg,-1.0897183293658292,0.307018881463874
0431.jpg,-1.1158300537524803,0.1918660549270446
0432.jpg,-1.0483496803277832,0.2992225285727489
0433.jpg,-1.2023535644514425,0.021939108041721243
0434.jpg,-1.0678338056918306,0.19214853544478902
0435.jpg,-1.4793481998206988,0.36065312580693015
0436.jpg,-1.0966520673007225,0.2849988313650905
0437.jpg,-1.3176563939668249,0.08705181804118846
0438.jpg,-1.229412467882661,0.08952659655799258
0439.jpg,-1.2278416209943739,0.2839441452604489
0440.jpg,-1.0924434708079924,0.1806808674014539
0441.jpg,-1.3015391079290137,0.34888330605941875
0442.jpg,-1.19392231720167,0.12692950385990998
0443.jpg,-1.137223752567772,0.13186711028476367
0444.jpg,-1.3320262964348637,0.256424334563327
0445.jpg,-1.267747115690904,0.37351614446443687
0446.jpg,-1.255690921928818,0.30209117196733903
0447.jpg,-1.2872343115172848,0.1336484744305973
0448.jpg,-1.0639619227206931,0.266629896664923
0449.jpg,-1.1393752180386612,0.3918855965419158
0450.jpg,-0.9767805805620154,0.2880694110031868
0451.jpg,-0.985997149863331,0.07659327851635543
0452.jpg,-1.1095510929928407,0.14709389538299886
0453.jpg,-1.3695923311206022,0.414317542642171
0454.jpg,-1.0915924339042453,0.264283023606228
0455.jpg,-1.2206938103698635,0.2650422853859551
0456.jpg,-1.1390120289645091,0.22469698805576663
0457.jpg,-1.4210331907148355,0.29133775836672926
0458.jpg,-1.2010037329388417,0.26706019549778565
0459.jpg,-0.8534046358402166,0.23748799979655286
0460.jpg,-1.2423219185363528,0.2570393320801151
0461.jpg,-1.2146910472812316,0.14316338748385685
0462.jpg,-1.1185856190220178,0.3677725271033377
0463.jpg,-1.1875720506573262,0.31374017298823215
0464.jpg,-1.057889697382944,0.3308461423668109
0465.jpg,-1.2056358677030856,0.4116819830215116
0466.jpg,-0.7835801163790862,0.30868441227335125
0467.jpg,-1.2442860229932227,0.2405986002487247
0468.jpg,-0.7271646150601216,0.41733562353178916
0469.jpg,-1.2838643295535703,0.3885870917355176
0470.jpg,-0.6387717124767431,0.205449722691102
0471.jpg,-0.7816007447460078,0.2873889957867794
0472.jpg,-1.2808822777542608,0.21372555984434075
0473.jpg,-1.0964215893259404,0.22467810135727356
0474.jpg,-1.0897053624243436,0.1390466736520892
0475.jpg,-1.4192476297098207,0.14882052751981514
0476.jpg,-1.3717618219458736,0.3743834526650756
0477.jpg,-0.98280099317911,0.23540831183427413
0478.jpg,-1.2683896916788613,0.30255638324979073
0479.jpg,-1.6118379944040715,0.13718942053728456
0480.jpg,-1.5533232228932494,0.134446631887754
0481.jpg,-0.8743602590884642,0.1616036405397836
0482.jpg,-0.9386998717815387,0.2852470418733284
0483.jpg,-1.055519365156096,0.3816664351282901
0484.jpg,-0.8137557827517428,0.39612433945536923
0485.jpg,-1.1987160049059131,0.1493027760398365
0486.jpg,-1.0250860972379243,0.134393690749054
0487.jpg,-1.3302459788761418,0.12159200949800027
0488.jpg,-1.3234261598851842,0.05983167856034751
0489.jpg,-1.0684622230717544,0.16163192572456572
0490.jpg,-1.0508368456544188,0.34078376326682613
0491.jpg,-1.451107054033651,0.2511502325376401
0492.jpg,-1.1000216907536147,0.2574595680124851
0493.jpg,-1.3364008300812384,0.13523029816399212
0494.jpg,-1.06074812777879,0.1657038115155158
0495.jpg,-1.1817260651420678,0.21409142985330518
0496.jpg,-0.8606276753465666,0.29341982582475357
0497.jpg,-1.5435374836541873,0.43568302797883246
0498.jpg,-1.0787673711985988,0.18316148023260997
0499.jpg,-0.9820103813693074,0.3104407473934443
0500.jpg,-0.9869969123934569,0.40233644507450084
0501.jpg,-0.8633234750891812,0.20352718386001295
0502.jpg,-1.2269920418269122,0.27568335634736285
0503.jpg,-1.1147083650590448,0.2642250719771147
0504.jpg,-1.1443941349961506,0.1272557854073
0505.jpg,-1.1805225172712586,0.292457590737119
0506.jpg,-1.0258556825639085,0.23822771314311703
0507.jpg,-1.1024726214734883,0.3156580979699912
0508.jpg,-1.0124749687690913,0.28108913426956356
0509.jpg,-1.234852494778621,0.17514413566551099
0510.jpg,-1.2325450222553411,0.18554508707346615
0511.jpg,-0.8612611944179962,0.21943266491597616
0512.jpg,-0.9538176051639041,0.2957829924190041
0513.jpg,-1.1864514408671507,0.23935177254498902
0514.jpg,-1.3998361379234876,0.25030805954564256
0515.jpg,-1.1055397452696085,0.3566590933679541
0516.jpg,-0.8328193269929987,0.28748958123760526
0517.jpg,-0.9490216241410336,0.3954609018869523
0518.jpg,-1.1767012446574048,0.2532500435608982
0519.jpg,-1.206676844170714,0.0878586451375241
0520.jpg,-1.0442422716809967,0.3085728752823869
0521.jpg,-1.444326702033715,0.33468988674422895
0522.jpg,-1.170719092096413,0.10587289458340728
0523.jpg,-1.3366809102131143,0.23005367534888982
0524.jpg,-1.2907863510030912,-0.01206262819080884
0525.jpg,-1.3453213686385233,0.20833777101559528
0526.jpg,-1.015396602237338,0.3735240601980815
0527.jpg,-0.8700844341140385,0.30983364095785415
0528.jpg,-1.5103007155314967,0.24891855690476714
0529.jpg,-1.0266787654877754,0.10828087459565386
0530.jpg,-1.311179628078598,0.3958470176925522
0531.jpg,-1.0250833202674026,0.1873497233379019
0532.jpg,-1.5104980986510246,0.13134588724865567
0533.jpg,-1.1502369814622222,0.32898026347913556
0534.jpg,-1.2990223692478657,0.3018203021010432
0535.jpg,-1.142901794777002,0.07664603578152783
0536.jpg,-1.045577544459471,0.19257245204030987
0537.jpg,-0.9554287353408576,0.3800439576586119
0538.jpg,-1.0394755617924856,0.20088842390512046
0539.jpg,-1.1082128316706459,0.24975145391985568
0540.jpg,-1.3519339175290883,0.1450513394752958
0541.jpg,-1.043565473766053,0.28561122324586813
0542.jpg,-1.162432102034528,0.051899431785788944
0543.jpg,-1.1534545588337937,0.23807954989327323
0544.jpg,-1.2664433012319465,0.22598378075633543
0545.jpg,-1.1005082422673456,0.289684457575068
0546.jpg,-1.2927281678663858,0.20507931665649787
0547.jpg,-1.182847146108359,0.10699782500963606
0548.jpg,-1.1865627640845837,0.2157183938732857
0549.jpg,-0.9990666040799331,0.16488951457486004
0550.jpg,-1.098724202694672,0.33110709061513593
0551.jpg,-1.27885171381893,0.19765335011009755
0552.jpg,-0.9439093301759829,0.18706359698217048
0553.jpg,-0.8403587680604285,0.30959561079640385
0554.jpg,-1.3471612042289869,0.20501202922393813
0555.jpg,-1.1522440153817162,0.3200450645636537
0556.jpg,-1.1645307587427618,0.21414203444179072
0557.jpg,-0.9505993386731092,0.24458703009584737
0558.jpg,-0.8702458506355992,0.15613132958524184
0559.jpg,-0.9443081030463123,0.12982847780085252
0560.jpg,-1.4420217004143479,0.2010854403895412
0561.jpg,-1.2393960830307895,0.23654928501768363
0562.jpg,-1.1379190109075896,0.07639095805388715
0563.jpg,-1.1594965141329847,0.2511818160083634
0564.jpg,-1.0907962269412268,0.39802312296259024
0565.jpg,-1.15501703084212,0.3707021686603773
0566.jpg,-1.3459332466410439,0.20640148211464343
0567.jpg,-1.1181966876540992,0.27274015953872577
0568.jpg,-1.2532300238535734,0.1910850413666434
0569.jpg,-1.3318688484394572,0.323576265939857
0570.jpg,-1.1761232314232153,0.3347737119691045
0571.jpg,-1.3159078672924556,0.35474488947980715
0572.jpg,-0.9969230976287037,0.19838386075099984
0573.jpg,-0.8224792812046308,0.3128870819690581
0574.jpg,-1.0195879089556308,0.03923359152058704
0575.jpg,-0.9150950488961198,0.22610628635168512
0576.jpg,-0.8206806516308353,0.2747933466537507
0577.jpg,-1.0639191458019694,0.22660357308362228
0578.jpg,-1.0551017178974462,0.16610888890670217
0579.jpg,-0.9975946088124968,0.2869868250271144
0580.jpg,-1.297625752824931,0.2654041094188675
0581.jpg,-1.2659596387848675,0.20393618814384443
0582.jpg,-1.1835090205440117,0.26078026513610364
0583.jpg,-1.2307403977304976,0.23872387031698122
0584.jpg,-1.4058241329306511,0.19422008363407234
0585.jpg,-1.0060063627916143,0.11355750074645624
0586.jpg,-1.4760219609836276,0.25171306941061306
0587.jpg,-0.9384408022087857,0.26153455443522045
0588.jpg,-1.27498618834222,0.21198975491089128
0589.jpg,-0.9789560090501024,0.19034333251083926
0590.jpg,-1.1144135531959165,0.31340226863654846
0591.jpg,-0.9579564441303182,0.2770558508305393
0592.jpg,-1.1094392252243264,0.27396579292625595
0593.jpg,-1.0836126995711002,0.3983328778354742
0594.jpg,-1.1488770806318915,0.3379042254134582
0595.jpg,-1.5110832867017636,0.1926001220682629
0596.jpg,-1.3697454815558743,0.3597669049371389
0597.jpg,-0.9778258714140989,0.2169705819646083
0598.jpg,-1.0306260154323759,0.21893481732151987
0599.jpg,-1.2101003806472634,0.3146027956675596
0600.jpg,-1.2098384956898478,0.19469962355976914
0601.jpg,-1.1034526388277635,0.3070461010071542
0602.jpg,-1.4668872395282337,0.19555568903123113
0603.jpg,-1.1339000516870228,0.25451952895190805
0604.jpg,-1.4386536775795813,0.38726232031741215
0605.jpg,-0.9535108479822709,0.2699358210675992
0606.jpg,-1.3541345488106915,0.23991685424227108
0607.jpg,-1.2877343522344138,0.29767558110472386
0608.jpg,-1.3098776984928635,0.20979487662262944
0609.jpg,-1.0053445073488771,0.23053439481336707
0610.jpg,-0.9049696153058074,0.2963435600219777
0611.jpg,-1.1708050643699488,0.3986086212204917
0612.jpg,-1.4014514473347326,0.30960846916484625
0613.jpg,-1.4659131926123092,0.3537669343468399
0614.jpg,-1.1719931205952328,0.4087578055957503
0615.jpg,-1.1032534633590632,0.3763291666925916
0616.jpg,-1.3019832909570341,0.3574050779144096
0617.jpg,-0.9912541465273202,0.19796190534754834
0618.jpg,-1.308364465406115,0.09350239000224536
0619.jpg,-1.3214157440535501,0.3396214325870564
0620.jpg,-1.5600058131519765,0.34004011899941256
0621.jpg,-0.9254918196036798,0.21972522823571244
0622.jpg,-1.3818743782014857,0.31834613278017965
0623.jpg,-1.6042171854490141,0.3048823003721998
0624.jpg,-1.3243870250542702,0.16227677367143245
0625.jpg,-1.0224693498690323,0.1483287655366125
0626.jpg,-1.091578996538958,0.31357571771458825
0627.jpg,-1.2913824836855268,0.33042141617570386
0628.jpg,-1.4397185729735336,0.2213633882616168
0629.jpg,-1.1865748118223027,0.2530674129073062
0630.jpg,-1.0821593885737089,0.07790581530280996
0631.jpg,-1.0573220626571191,0.30200622168016245
0632.jpg,-1.4628639455259596,0.2883673728276037
0633.jpg,-1.1041063886390472,0.2677753707339016
0634.jpg,-1.1685340619311182,0.3319991766347231
0635.jpg,-1.1639266650599462,0.2813214681973598
0636.jpg,-1.3222394659990804,0.33194909798452865
0637.jpg,-1.3452722090531077,0.4092774609054364
0638.jpg,-0.9586859016697123,0.3772186576310288
0639.jpg,-0.8973051491245561,0.29748999555767747
0640.jpg,-1.0875359965862466,0.3909340982028848
0641.jpg,-0.8705175428931443,0.3329476279116567
0642.jpg,-0.9885288815598858,0.2112025822400462
0643.jpg,-0.8840111726206472,0.3144280785539935
0644.jpg,-1.1125632586114196,0.39155936405064656
0645.jpg,-1.2126309585100932,0.3975820794779047
0646.jpg,-1.0340443690007175,0.18820005958509956
0647.jpg,-1.1228457415252653,0.259945539027849
0648.jpg,-1.0692089260779718,0.37764829859451776
0649.jpg,-1.057856381202759,0.20098206369774263
0650.jpg,-1.2885205978000809,0.167122295779643
0651.jpg,-1.0945222045174994,0.1670695581700808
0652.jpg,-0.9862429154415836,0.33480849741133967
0653.jpg,-1.4059780509856488,0.3215939594906909
0654.jpg,-1.2009153911518988,0.32716087887033113
0655.jpg,-0.9759069041358888,0.3059045570966942
0656.jpg,-1.174934128347292,0.3629061935943642
0657.jpg,-1.1779433740602325,0.3456609235195054
0658.jpg,-1.06216596879466,0.32535680876913103
0659.jpg,-1.6935511634847515,0.3411587197306219
0660.jpg,-1.3630910308532982,0.19109052639344526
0661.jpg,-1.309182988438037,0.276672669535213
0662.jpg,-1.092116503743631,0.05252288436734049
0663.jpg,-1.2177817280578096,0.3188650572590625
0664.jpg,-1.4690630272058582,0.40835163964267407
0665.jpg,-1.0131831240852813,0.22408468469953913
0666.jpg,-0.8143866726070256,0.2676754169647881
0667.jpg,-1.1120055629551668,0.2696273673006586
0668.jpg,-0.971519753384174,0.3319149254680933
0669.jpg,-0.9959522869272084,0.27047765483283454
0670.jpg,-1.1118825026650345,0.15253706576752368
0671.jpg,-1.1099449663590157,0.24315457106589966
0672.jpg,-1.0825583457805454,0.3986236992279289
0673.jpg,-1.0112720039352476,0.32142511993258255
0674.jpg,-1.0429979248397256,0.3492624805441863
0675.jpg,-0.7860737676829693,0.2374402723773045
0676.jpg,-1.0171329314665591,0.1177678669946005
0677.jpg,-1.2105259721984722,0.25106873405969543
0678.jpg,-0.9476042881340908,0.38236285024425853
0679.jpg,-1.4555305842791457,0.19518696319969145
0680.jpg,-1.2212307330032448,0.2972538771313512
0681.jpg,-1.4380630305385098,0.0708071743009594
0682.jpg,-1.1148762598959316,0.30997600154912935
0683.jpg,-1.1680629139515628,0.297962858097022
0684.jpg,-1.5549733984426777,0.3601995698549079
0685.jpg,-1.3996129090813494,0.2690444377216424
0686.jpg,-1.283169377291123,0.39781018981018984
0687.jpg,-1.3537759551444202,0.09232271252631473
0688.jpg,-1.4171328469899385,0.23302606607537085
0689.jpg,-0.9898528461992548,0.3622155214603551
0690.jpg,-1.3054519681195824,0.2336977594709554
0691.jpg,-1.0299209285520454,0.1983719555973891
0692.jpg,-1.3143711299232625,0.29188219625365186
0693.jpg,-1.0432992077241097,0.24045483140040502
0694.jpg,-1.3175663618944013,0.12054533753954574
0695.jpg,-1.3290631973596512,0.26195228550456084
0696.jpg,-0.9943328101061146,0.23396348223460062
0697.jpg,-1.610236669177031,0.15108971905974264
0698.jpg,-1.1047190219289384,0.4061936941190691
0699.jpg,-1.009089565209646,0.19548510883961015
0700.jpg,-1.2173977129846105,0.3534037533739984
0701.jpg,-1.0129914623191019,0.40105740822494645
0702.jpg,-0.9908746921828672,0.3010836039771479
0703.jpg,-1.336773271424469,0.18214913995308835
0704.jpg,-1.2466001730456093,0.25816194647702784
0705.jpg,-1.011440140288016,0.21647100064611025
0706.jpg,-0.8763005570395306,0.26709114936413403
0707.jpg,-0.9493078975193244,0.39701102589184284
0708.jpg,-1.1354816749714833,0.18326854897270514
0709.jpg,-1.1123024983592915,0.2237788008682359
0710.jpg,-1.101257271981858,0.34114944756735793
0711.jpg,-0.9926779681022408,0.17160742286370426
0712.jpg,-1.1798236489032135,0.3079291023441967
0713.jpg,-1.406071192178033,0.24153223630968437
0714.jpg,-1.041345619133293,0.24123478022864636
0715.jpg,-1.5299063114752998,0.31324645126899586
0716.jpg,-1.4073057273636345,0.3417239408962143
0717.jpg,-1.013973535096739,0.357751793397485
0718.jpg,-1.1717140769926189,0.3965712405823826
0719.jpg,-1.0983591094598286,0.3559527833793765
0720.jpg,-1.1135579868759236,0.13353984323142046
0721.jpg,-1.033320601464366,0.30807920088276497
0722.jpg,-1.011166584522097,0.36612087006691346
0723.jpg,-1.1830038764390083,0.28398038104656076
0724.jpg,-1.2651161786869176,0.2963399420619904
0725.jpg,-1.1348222928461333,0.12153493400574206
0726.jpg,-1.3608380627333794,0.2087575121344719
0727.jpg,-1.2391377712277887,0.3932331478908829
0728.jpg,-1.0482452844873322,0.27114783657919883
0729.jpg,-1.1819115477476196,0.2253330352563681
0730.jpg,-0.924216842785407,0.22612638238227262
0731.jpg,-1.1615421693316257,0.20817682615597186
0732.jpg,-1.4054394763215377,0.4124055153743915
0733.jpg,-1.024480141790333,0.13526482540355245
0734.jpg,-1.2998904600847905,0.3557115856292075
0735.jpg,-1.1458207767079542,0.4535047962685912
0736.jpg,-1.3425363716681729,0.32888119719026776
0737.jpg,-1.5314597896731574,0.4189454875505391
0738.jpg,-1.0388521735864218,0.33539910612194296
0739.jpg,-1.0392340175616226,0.3247662320291506
0740.jpg,-1.2088827828374868,0.21563883928758112
0741.jpg,-1.2918100277772027,0.27683311120065296
0742.jpg,-1.1650985221917316,0.29544320192716217
0743.jpg,-1.164951228897588,0.2073106958583182
0744.jpg,-1.2679310792080027,0.2765867759805864
0745.jpg,-1.4943942561050934,0.41528468767274745
0746.jpg,-1.5307855141785616,0.3868043883884214
0747.jpg,-1.1463002600734002,0.07634010388005044
0748.jpg,-1.5746022400162971,0.2506068514902083
0749.jpg,-1.1463426628650695,0.306606331774117
0750.jpg,-0.9825867846799194,0.12985724399907417
0751.jpg,-1.2539922381830015,0.39707591632191663
0752.jpg,-1.0744079410924838,0.41378488393413765
0753.jpg,-1.0946182272429,0.37210309807237385
0754.jpg,-1.1996893303464722,0.09948769296208328
0755.jpg,-1.186738512206986,0.300527492444547
0756.jpg,-1.1514113210206134,0.4154030205723435
0757.jpg,-1.424330368128544,0.2321933353731214
0758.jpg,-1.079363663357759,0.3199939883350579
0759.jpg,-1.433240270651186,0.37817892988663443
0760.jpg,-1.2427626278312625,0.365666814133438
0761.jpg,-1.2805809123661385,0.10617673217892198
0762.jpg,-0.912735388598256,0.3198343751275121
0763.jpg,-1.1185664825000123,0.3128842794177121
0764.jpg,-1.2520978150155617,0.37278868895945233
0765.jpg,-1.1071529978317771,0.26633556467285685
0766.jpg,-1.2321034877246464,0.35332706393132934
0767.jpg,-1.3925157464363669,0.22746496612618827
0768.jpg,-1.0997278323647552,0.21098182684085767
0769.jpg,-1.0683701113717927,0.30731570174910133
0770.jpg,-0.9942451383287739,0.12206770941853531
0771.jpg,-0.9915171613179935,0.22211752526038878
0772.jpg,-1.2757894790128375,0.37129785846625196
0773.jpg,-1.1504586301753568,0.28819185876249837
0774.jpg,-1.1521712986760633,0.130214099607928
0775.jpg,-1.5714725926124753,0.2506238310455641
0776.jpg,-1.140550382734839,0.16788645983983716
0777.jpg,-1.2293225893609352,0.3204942452663316
0778.jpg,-1.105965912428607,0.022110505144903626
0779.jpg,-0.8096881631027759,0.27695993797175256
0780.jpg,-1.030752927275497,0.22027346124083788
0781.jpg,-1.1639051995771812,0.23731744963786758
0782.jpg,-1.033474573503093,0.34207899239639966
0783.jpg,-1.1007042402568226,0.3753273035760413
0784.jpg,-0.974814250554397,0.37603484665524717
0785.jpg,-1.2698754605842362,0.298508746773731
0786.jpg,-0.9261322089655963,0.3590175405088235
0787.jpg,-1.0877378977204135,0.25065423366495637
0788.jpg,-0.8316264759907103,0.22930621774347806
0789.jpg,-1.0416718644805192,0.19540780315349177
0790.jpg,-1.274211910945921,0.35873252233607594
0791.jpg,-1.413868332920054,0.3659118498704601
0792.jpg,-1.1600747227793742,0.2757710597520743
0793.jpg,-1.0332478574588415,0.2979294050345491
0794.jpg,-1.2921406212401931,0.40764182578734487
0795.jpg,-1.2873607369274565,0.3104595680562531
0796.jpg,-1.4511434042941582,0.38363866976864064
0797.jpg,-0.9463528887605367,0.21858475802552738
0798.jpg,-1.2820382078730166,0.1979931584122736
0799.jpg,-0.9913464940717153,0.2720809525099069
0800.jpg,-1.1072762980266033,0.3218281887750731
0801.jpg,-1.0827138421698652,0.26316002484633805
0802.jpg,-0.7429190455247873,0.2513385548863824
0803.jpg,-1.3029417681812325,0.4303316774913346
0804.jpg,-1.2591710666784937,0.15319338511167052
0805.jpg,-1.1105256274229294,0.2959878421441799
0806.jpg,-0.9674726074441347,0.24977140761020308
0807.jpg,-1.2138142167889985,0.33612695205821375
0808.jpg,-1.0662105790551064,0.11759010639484152
0809.jpg,-1.1381965674681274,0.25667142687918715
0810.jpg,-0.9401707646843146,0.14812979935595738
0811.jpg,-1.2425376424134664,0.3264576656124636
0812.jpg,-1.062036685727672,0.21622720397300055
0813.jpg,-1.0362676271205429,0.2668528202678816
0814.jpg,-1.4539455044544973,0.3403402594102632
0815.jpg,-1.1931997649070398,0.02574799701690647
0816.jpg,-1.1193334778422457,0.3364132820737958
0817.jpg,-1.2738476624327275,0.3765592959671907
0818.jpg,-1.3776091995191555,0.2746065361266858
0819.jpg,-1.2230977053232228,0.4117164505384051
0820.jpg,-1.494722030450042,0.2692002649921156
0821.jpg,-1.1332756717632302,0.388500658532588
0822.jpg,-0.8698989142865805,0.2767219242747569
0823.jpg,-0.9863171769540138,0.30036110723844267
0824.jpg,-1.178810019134117,0.3615798122825625
0825.jpg,-1.1053265394026326,0.3488788274001838
0826.jpg,-1.3050449032104843,0.31919814653284023
0827.jpg,-1.2180380743402717,0.17991567777628253
0828.jpg,-1.1466184817881468,0.34056879916161753
0829.jpg,-1.4428970754635029,0.23040026791753604
0830.jpg,-1.3359930221963403,0.3450597252658271
0831.jpg,-0.9380932613658612,0.3399838688379497
0832.jpg,-1.4374399512836262,0.24046145378160708
0833.jpg,-1.3748611658213332,0.265510178985621
0834.jpg,-1.2734762730341067,0.20641764842466634
0835.jpg,-1.03826647365773,0.2369194685858408
0836.jpg,-1.453306011701854,0.13663314974001078
0837.jpg,-0.9533747443270406,0.1681565401231731
0838.jpg,-1.3702285570690125,0.17017422804899088
0839.jpg,-1.003301623525807,0.17260474009708635
0840.jpg,-1.288592163516177,0.344271863810465
0841.jpg,-1.1349972301132214,0.37183266172030216
0842.jpg,-1.045101056671599,0.318846147315516
0843.jpg,-1.0497097221905596,0.21225273238105044
0844.jpg,-1.0924028314304732,0.21178667666596826
0845.jpg,-1.3692559498161778,0.324885322310215
0846.jpg,-0.9496396649497216,0.34264948782349164
0847.jpg,-1.0543408165450687,0.24373026154249955
0848.jpg,-1.0626687107263697,0.18085089991457104
0849.jpg,-1.5829398599838063,0.353441891789929
0850.jpg,-0.9455799136318283,0.2946172523138101
0851.jpg,-1.1823813182215126,0.36834574073067794
0852.jpg,-1.2200068875786112,0.23570334718879896
0853.jpg,-1.5932812249749968,0.3629983649855364
0854.jpg,-1.4979974311391313,0.2728120667861671
0855.jpg,-1.0521058690952145,0.21515456210396422
0856.jpg,-1.4381892953441797,0.3459612885978862
0857.jpg,-1.14606888964653,0.34263420459837207
0858.jpg,-0.9091991546087844,0.22374201019589574
0859.jpg,-1.0589986123993886,0.3875095593787726
0860.jpg,-1.3221155603002015,0.21173755223637789
0861.jpg,-1.215587995372635,0.41425284774136345
0862.jpg,-1.0069881473130031,0.1635263401472219
0863.jpg,-0.9535226380570652,0.2749575859242456
0864.jpg,-1.040787005959152,0.09137023833756351
0865.jpg,-0.9577072949834806,0.3805056712870584
0866.jpg,-1.1322439551760932,0.24304481509474377
0867.jpg,-0.8816684862996134,0.32277897448513243
0868.jpg,-1.0125541775763038,0.3938355051195518
0869.jpg,-1.2533937469648315,0.3437069898017164
0870.jpg,-1.0919719269018897,0.07246808837258287
0871.jpg,-0.9938455445206739,0.32125356871150085
0872.jpg,-1.1879929216229235,0.23729593588598116
0873.jpg,-1.106134552796155,0.3187987661041553
0874.jpg,-1.1399101951947261,0.2620257155026989
0875.jpg,-1.0076678160062644,0.3074464434059395
0876.jpg,-1.164933175712311,0.3483411125765218
0877.jpg,-1.3369648945269177,0.24039620437847253
0878.jpg,-1.338188836433102,0.36303473461007707
0879.jpg,-0.8510463019453408,0.34581260143847337
0880.jpg,-1.3447444876573427,0.32258124523317894
0881.jpg,-0.8967980944751403,0.3421463313922068
0882.jpg,-0.9066711168344009,0.2268833454829934
0883.jpg,-1.1406658728340784,0.32645049544990945
0884.jpg,-1.2622127050794398,0.32589061119716045
0885.jpg,-1.1456102659948257,0.2953323277356921
0886.jpg,-1.4273538673057802,0.33915195740893145
0887.jpg,-1.1403918545497722,0.24128722584412213
0888.jpg,-0.9670372655861684,0.21250073614573722
0889.jpg,-0.9835971714023076,0.21534028890180454
0890.jpg,-1.2854824380793255,0.2154701818973536
0891.jpg,-1.0167286398318698,0.2277939492677258
0892.jpg,-0.9723339690778765,0.28010432589360257
0893.jpg,-1.0130216373208407,0.2480629988063997
0894.jpg,-1.0624789302921358,0.39338170616556145
0895.jpg,-1.0908839745161505,0.06351169804600239
0896.jpg,-1.1561505892181294,0.3450668858147286
0897.jpg,-1.50501757322824,0.34373511495523473
0898.jpg,-1.45523932431521,0.40838424311807253
0899.jpg,-1.1208786639088,0.22107457635897482
0900.jpg,-1.1495796522455086,0.3208182696389104
0901.jpg,-1.0249463190886547,0.3545111861751603
0902.jpg,-0.9225767062432317,0.305235173464088
0903.jpg,-1.268120702918282,0.37999772550248156
0904.jpg,-0.9391886689836517,0.30065029906802054
0905.jpg,-0.9265823534817237,0.3163773656779047
0906.jpg,-1.2663719688550477,0.3401557194867529
0907.jpg,-1.302447184475186,0.08896372608780494
0908.jpg,-1.4208069142353719,0.07982574299329746
0909.jpg,-1.0804337940186985,0.43827988964767084
0910.jpg,-1.3703661202021753,0.3248251074746307
0911.jpg,-1.0486261207848553,0.2847886944470588
0912.jpg,-1.158737208895403,0.30943690885998165
0913.jpg,-1.138469656846443,0.2661716897524758
0914.jpg,-1.2823159348481,0.13112470238358662
0915.jpg,-1.2409366952014735,0.17730619895568345
0916.jpg,-1.1463663057548992,0.37857989191688585
0917.jpg,-1.432853003081161,0.43072549437062474
0918.jpg,-1.1617170519397682,0.07291202078768251
0919.jpg,-1.2033526398164893,0.2501761066158972
0920.jpg,-1.2660069344701317,0.1539406712594654
0921.jpg,-1.0194496899087961,0.11252290229842254
0922.jpg,-1.0464637709191666,0.3487238793762626
0923.jpg,-1.1989254555516002,0.2764531248670858
0924.jpg,-1.5039230244459103,0.16195718406892998
0925.jpg,-1.433719501658794,0.35845062969626407
0926.jpg,-0.9354817461719291,0.24566195832049575
0927.jpg,-0.9782135402512856,0.3580942294377776
0928.jpg,-0.8738550535898971,0.3147876922823748
0929.jpg,-1.1353387579977985,0.3203241318806128
0930.jpg,-1.0765406768271042,0.2630603851110169
0931.jpg,-0.9404272549746926,0.24249571183533444
0932.jpg,-1.2218094284303667,0.22049374971996957
0933.jpg,-0.9654151701148401,0.2914973273115411
0934.jpg,-1.0159195049820164,0.32746545335333443
0935.jpg,-1.1900610985146218,0.11453174790625276
0936.jpg,-1.2560607014698724,0.30920875235936207
0937.jpg,-1.0832898440509589,0.06146622107534161
0938.jpg,-1.2274631527275366,0.32177235150850414
0939.jpg,-1.0743408584055407,0.15006453216569948
0940.jpg,-0.9686301688574439,0.36923272773564664
0941.jpg,-0.9038254534684784,0.37616771211886585
0942.jpg,-1.417314463724966,0.357169671347235
0943.jpg,-1.063140823853628,0.1847292813180699
0944.jpg,-1.3535590713775132,0.417062448570713
0945.jpg,-1.2117205467944312,0.145869361274061
0946.jpg,-0.9853915838579935,0.321157237703551
0947.jpg,-1.224855757720258,0.4076981362464363
0948.jpg,-0.7810371141499467,0.3107432759144162
0949.jpg,-1.3613743533823024,0.202435253560214
0950.jpg,-1.1377930453244929,0.24372261113588456
0951.jpg,-1.054323767041649,0.07281535148256954
0952.jpg,-0.9793800140149683,0.364679134693846
0953.jpg,-0.9247578180091865,0.13011490746390075
0954.jpg,-1.00062509298872,0.1427120261920989
0955.jpg,-1.432293147515622,0.27217150180773886
0956.jpg,-0.8181145718521998,0.3165853086088911
0957.jpg,-1.0065468155409334,0.2636735062857547
0958.jpg,-1.3730609444529538,0.2852715164463693
0959.jpg,-1.0435364323311873,0.3570285439675026
0960.jpg,-1.111772145288048,0.34734780133357784
0961.jpg,-1.4592969526989872,0.19469177785853972
0962.jpg,-1.129257201971106,0.28254776627225364
0963.jpg,-1.0685797858546269,0.3341632296848905
0964.jpg,-0.925615835979073,0.1377514194081273
0965.jpg,-0.9599853897685816,0.18144306495485132
0966.jpg,-1.0751101323536267,0.3743565310159818
0967.jpg,-1.1435778937277172,0.38264652852178
0968.jpg,-1.1087937878312544,0.3914519167945543
0969.jpg,-1.1877757112855916,0.27722188326215175
0970.jpg,-0.952600122811838,0.2809472477456667
0971.jpg,-1.2769233308388708,0.2084221934152937
0972.jpg,-1.1643271882921802,0.33426502840048816
0973.jpg,-1.5352906842737535,0.2858776188690338
0974.jpg,-1.3761907890957217,0.2901909580545128
0975.jpg,-1.2761174683889696,0.267727077407143
0976.jpg,-1.134457378300153,0.36535943207664207
0977.jpg,-1.0192620164910642,0.3866594943518021
0978.jpg,-1.1662374293581985,0.26067151724386556
0979.jpg,-0.9600419073054793,0.2904548830894662
0980.jpg,-1.5064735266710516,0.26083724397593516
0981.jpg,-1.6722636127955661,0.40179203382548845
0982.jpg,-1.2527389738818426,0.23887824827098195
0983.jpg,-1.1647855220894392,0.36100974640861005
0984.jpg,-1.4611736590629905,0.1739102452311551
0985.jpg,-1.1243395071218976,0.26215762290217076
0986.jpg,-1.014027957916857,0.27658215111201423
0987.jpg,-1.2364739931617947,0.33878399258960545
0988.jpg,-1.2025970292367956,0.33064270067282114
0989.jpg,-1.7596000626403294,0.3415528274551437
0990.jpg,-0.9372986600270637,0.30111284339551636
0991.jpg,-1.4972139894894454,0.16301166004350026
0992.jpg,-1.3060249098778949,0.2251866000189648
0993.jpg,-1.3878849088834322,0.36513302074580567
0994.jpg,-1.2516178337248665,0.3801949717804003
0995.jpg,-1.0638088807261739,0.25392269655255234
0996.jpg,-1.6465045772205933,0.36779048024275274
0997.jpg,-1.0440775326529945,0.2846557425504794
0998.jpg,-1.1296853208872528,0.342855208826914
0999.jpg,-0.9792696679410681,0.27148854023799524
1000.jpg,-1.2225874349163817,0.3172916367174972
1001.jpg,-0.94044053050529,0.33055604589585175
1002.jpg,-1.0980090107366656,0.3950961511362462
1003.jpg,-1.309633760826678,0.19982455519527081
1004.jpg,-0.8903132725936131,0.28342070577850936
1005.jpg,-1.0068310249457186,0.38053148213654037
1006.jpg,-0.9082210684610376,0.21316063759824028
1007.jpg,-1.2324557577767379,0.3130126039152588
1008.jpg,-1.0722743246711974,0.13886372487155937
1009.jpg,-1.0321478560379058,0.0493167314840678
1010.jpg,-0.9973669503073221,0.30352519012375884
1011.jpg,-1.0673729892119672,0.14952603602887016
1012.jpg,-0.9461712374384185,0.22493424803962503
1013.jpg,-0.9616002275952754,0.229673513935721
1014.jpg,-1.1305440683739862,0.2865787547305323
1015.jpg,-1.3806322941206444,0.1749856368898363
1016.jpg,-1.1597206111875957,0.26551541897803466
1017.jpg,-1.1273382844785955,0.2573932092004382
1018.jpg,-1.217164701471589,0.25530857504292037
1019.jpg,-1.242125977737948,0.4124410078338017
1020.jpg,-1.1055211601912158,0.2917134077939814
1021.jpg,-0.913424656078878,0.2642951568321115
1022.jpg,-1.3788825060499417,0.2159140416232751
1023.jpg,-0.8727621579719234,0.25910893658030326
1024.jpg,-1.0175811541214979,0.3279454457191429
1025.jpg,-1.0516477597135752,0.3204901316063297
1026.jpg,-0.9313683741928024,0.3619583301938088
1027.jpg,-1.2480967944898076,0.2513893216053095
1028.jpg,-1.2115132145967074,0.3578862372151445
1029.jpg,-1.1657478718323273,0.18064701080448964
1030.jpg,-1.0487163231901446,0.23758279359136247
1031.jpg,-1.1047258721524436,0.21770586687713758
1032.jpg,-0.8079045693947878,0.2390248082927811
1033.jpg,-1.5855957902126117,0.36943536652274517
1034.jpg,-0.9643720060475219,0.31318101805379767
1035.jpg,-1.2495005621759852,0.40589086575295824
1036.jpg,-1.1597153290877127,0.03962695295334546
1037.jpg,-1.2187805647831402,0.30346330377225567
1038.jpg,-0.8176072033633948,0.18933196171517144
1039.jpg,-1.1748042872002642,0.1767643593050844
1040.jpg,-1.0603799694234881,0.20848086124401916
1041.jpg,-1.197144678801665,0.4005745902544444
1042.jpg,-1.0392730954747118,0.3825567721691515
1043.jpg,-0.9918286534917277,0.16280903444790676
1044.jpg,-1.085467248688663,0.243034562283791
1045.jpg,-1.1551859289605466,0.2619325242483418
1046.jpg,-1.17264146099883,0.26490685067339687
1047.jpg,-1.4075164535994837,0.34553740259078997
1048.jpg,-1.3128288948827838,0.3211603673577766
1049.jpg,-1.1030955418491735,0.11944635767739539
1050.jpg,-0.8969004564038153,0.34434249814594065
1051.jpg,-1.0769957211860877,0.28969819614129955
1052.jpg,-1.58769484597992,0.35367764765355125
1053.jpg,-1.2841817221657372,0.21169564002342878
1054.jpg,-1.246861351860319,0.422032559711123
1055.jpg,-1.3641037966964202,0.09192052402698607
1056.jpg,-1.0845700400606781,0.3592428386596483
1057.jpg,-1.539998747714241,0.04600726430489026
1058.jpg,-1.176048471372428,0.35410512625436186
1059.jpg,-1.406251143665416,0.3979317208255808
1060.jpg,-0.9781398089827607,0.3611874901763693
1061.jpg,-1.3864201847772202,0.24629621923052916
1062.jpg,-0.7922015772055173,0.3421715846848583
1063.jpg,-1.0125310491836215,0.31558491579033365
1064.jpg,-1.2604663440762884,0.3402262973078423
1065.jpg,-1.0736976246076753,0.1156713612422488
1066.jpg,-0.936521944854391,0.3420742949044835
1067.jpg,-1.1627506686157634,0.32572972749963897
1068.jpg,-1.4514419444416042,0.21986739370228225
1069.jpg,-1.060342052891919,0.17433743828386586
1070.jpg,-1.169365316117816,0.04644275727087238
1071.jpg,-1.432496496537005,0.23570762499103368
1072.jpg,-1.1113276464556063,0.2727322659946838
1073.jpg,-0.9514957800088172,0.29549745929389665
1074.jpg,-1.118934681734776,0.190369396175584
1075.jpg,-1.1201766994241211,0.37627138645468583
1076.jpg,-1.0846935501993018,0.18467446717721833
1077.jpg,-1.0471254450858445,0.3223395330755223
1078.jpg,-1.2316952810299,0.16933448631251957
1079.jpg,-1.4545706126225475,0.1727188977643376
1080.jpg,-1.1172069651958796,0.30853362062644185
1081.jpg,-1.827576172768401,0.3287155856276248
1082.jpg,-1.3923729773543727,0.30457674298168014
1083.jpg,-1.267401030347291,0.3280577851944153
1084.jpg,-0.9166874186285333,0.21855328852395706
1085.jpg,-0.8041458634280823,0.246622277371858
1086.jpg,-1.3073155064712114,0.24105695877307406
1087.jpg,-1.3830056726310365,0.3618968577817738
1088.jpg,-1.0908221221413916,0.4066066966094826
1089.jpg,-1.5159163217111187,0.16478006847437868
1090.jpg,-1.398497039983529,0.0857045477574407
1091.jpg,-1.5043300823413541,0.1130034936292643
1092.jpg,-1.3676891342508783,0.2010253079403373
1093.jpg,-1.2911983497056352,0.31886912015598345
1094.jpg,-1.2766695709411893,0.19080898454608022
1095.jpg,-1.310733316223011,0.3148580470424335
1096.jpg,-1.2950923146231252,0.29459387301593676
1097.jpg,-1.3562790635743716,0.19277467428488246
1098.jpg,-1.178564402767844,0.14162789504630888
1099.jpg,-1.1098647824192713,0.27363288211742665
1100.jpg,-1.1975923465113385,0.24608081797329495
1101.jpg,-1.0261962770576376,0.12141117439500035
1102.jpg,-0.9379574797347796,0.23403865337097865
1103.jpg,-0.9436509506645719,0.33024949718004176
