image_name,vitnat
sun_aaarfmdkojiusxxl.png,3.0634989738464355
sun_aabyitznzumhlxfw.png,1.282945990562439
sun_aacekspsxnilxmlb.png,3.158454179763794
sun_aackmxuaumbyjrvf.png,1.3813743591308594
sun_aadihymrhoihkumi.png,5.405331134796143
sun_aadqjcsvidqnqzzt.png,1.4109553098678589
sun_aadtmifyuvqcfkcr.png,1.4441221952438354
sun_aaeijzjhbdeibdjh.png,3.4796276092529297
sun_aafqetztbkmzxsif.png,1.3305070400238037
sun_aaguipoeqirlfvjn.png,1.2905172109603882
sun_aahfqqcmvkdkcopk.png,1.4477334022521973
sun_aainymcaqysqtfjp.png,1.3696222305297852
sun_aaivnkepwwofsfnt.png,2.2311506271362305
sun_aajhoihcnufdqjdm.png,2.6185779571533203
sun_aalwixjkrhyiabdr.png,1.8802825212478638
sun_aamlzecjkxlnoedl.png,6.526648998260498
sun_aampazmnmsxlwwwr.png,1.6431946754455566
sun_aamvxnvouicstkjb.png,2.8765461444854736
sun_aaqmxnxoyktxhiwh.png,1.9044872522354126
sun_aastptdxbxbeiyto.png,1.7798923254013062
sun_aatywrsbdbluavkj.png,2.6319172382354736
sun_aavbhjizkngwwgjm.png,1.3986735343933105
sun_aavkypayfsvklgls.png,1.423528790473938
sun_aavuoscaegpbwspj.png,1.340571641921997
sun_aaxdpgpohhvyemvc.png,3.419796943664551
sun_aaysiohzbbdyrddc.png,6.62091064453125
sun_abbwggenhfbftyvi.png,1.4258939027786255
sun_abcexmhrrazffdxe.png,1.4926210641860962
sun_abcuurugvxwparpk.png,2.9914987087249756
sun_abdagkpekttzgeks.png,6.387086868286133
sun_abdczrckndvowcuw.png,1.4450960159301758
sun_abdkucfijyhzjwdd.png,1.4511131048202515
sun_abghrjwhyotnsqlo.png,1.4109301567077637
sun_abgxynrdquqkpegr.png,1.4902729988098145
sun_abiovdygniqgkhhl.png,2.8208112716674805
sun_abixanxgsreeoifw.png,2.888030529022217
sun_ablbdwfvmdkcfxka.png,3.4819376468658447
sun_ablgxmlqsejzolxh.png,1.4740679264068604
sun_ablltreyppizkotj.png,1.1908146142959595
sun_abluxelximwwmuuu.png,1.4511159658432007
sun_abmeycbiroafvvoi.png,3.230362892150879
sun_abmipmtqvlyxgafg.png,1.4116120338439941
sun_abnjymnsjlfptyxk.png,1.5346174240112305
sun_abnkpmayghxdvfig.png,4.333848476409912
sun_abokeplpazkdxpps.png,5.9786810874938965
sun_abolbvukvhubhpjk.png,1.3253211975097656
sun_abplnvvcxkcovrqi.png,6.650715351104736
sun_abreakywwicnpllq.png,1.2662397623062134
sun_abrfjuixgacomvzb.png,2.4551727771759033
sun_absoxzwctrlnjgvz.png,2.8192427158355713
sun_absxzamwemzkegmz.png,6.547368049621582
sun_abtdndwgqyeufjvf.png,1.4253965616226196
sun_abtyfplefeymuefw.png,2.82169771194458
sun_abuaiinyegtbzuxg.png,6.491876125335693
sun_abvcwkmmpmjruuhb.png,2.7983651161193848
sun_abwkfmxrrczajrtw.png,3.01918625831604
sun_abwkqvpdyigssyxa.png,1.5446947813034058
sun_abzoglkibwvlanfr.png,1.5708822011947632
sun_acafxnfmbtjoupvz.png,1.3200453519821167
sun_acapmatgnmqztpru.png,1.390025019645691
sun_acbnfcctoyssyvie.png,6.115279197692871
sun_accilwvadsvecujd.png,1.3225129842758179
sun_acclngswciyrjytf.png,1.7008460760116577
sun_accvrsqmfcigfluj.png,2.396667242050171
sun_acddbhlzfptbekxj.png,1.2996362447738647
sun_aceuokyqoqhfsper.png,1.4399303197860718
sun_acfxouwyduazdrjw.png,1.5124627351760864
sun_acgnzuuseaxyivpx.png,1.3826950788497925
sun_aciczgvqmadwxjdq.png,2.680816411972046
sun_ackillobvrmbwpyh.png,6.601111888885498
sun_aclldlpvqpkxwuhq.png,1.5775094032287598
sun_acmucmjtzrjwrnki.png,3.498319387435913
sun_acmxnsedgirrlcgi.png,6.542593002319336
sun_acnawpjquedtdxuq.png,2.2065258026123047
sun_acogctmmxmuoyvfl.png,1.329932451248169
sun_acqkqticsyuapvci.png,6.614951133728027
sun_acteouyhcdaxmeya.png,1.3948924541473389
sun_acuakodxedalqwqm.png,1.2519705295562744
sun_acuntvumcrillqnp.png,1.3044971227645874
sun_acvqlpihddkrdsjr.png,6.230892658233643
sun_acwcxcfulvbjhqbm.png,4.434572696685791
sun_acxojtvutlkaurza.png,1.2262152433395386
sun_acygqcsddzddfxdg.png,2.9819064140319824
sun_acyletewwvoolvvv.png,1.6043354272842407
sun_aczwgyukesaajxnx.png,2.22672176361084
sun_aczxsecpjsxjcvms.png,2.226426601409912
sun_adaqrcisdytbarzl.png,3.612734794616699
sun_adaylgrrsdyzwsop.png,5.522111892700195
sun_adchxphwsnqnicbz.png,1.4547183513641357
sun_addsacqmcbavfmcm.png,1.3536491394042969
sun_adephxvrriwlbwfd.png,1.4858930110931396
sun_adhidumqwnlzipih.png,1.9640148878097534
sun_adhwholkeuezccfu.png,6.488783359527588
sun_adkonpxsblmtdukc.png,1.3442014455795288
sun_adlgdbbuechpggnx.png,2.698552131652832
sun_adnvgfxnkjimrlzh.png,2.6101620197296143
sun_adoskwanicxyfwdg.png,1.3528997898101807
sun_adpnimdjxvbcaaug.png,2.2390663623809814
sun_adqmgymlumduelnn.png,1.4175626039505005
sun_adsaqedttiixgfrw.png,5.089678764343262
sun_advhcaufilhdkqnk.png,2.190070152282715
sun_advvjenltmhprwfi.png,3.540353298187256
sun_adwucyplebawahma.png,1.3135274648666382
sun_adwvdrthivwjdnoq.png,2.376796007156372
sun_adxskjksxrfjwfuy.png,1.3634876012802124
sun_adzohqnwmnqyeqxb.png,4.982507228851318
sun_adzpfrapetechsfs.png,1.2946537733078003
sun_aebeqjjddmwjjzyx.png,3.2734642028808594
sun_aebldafyhgsuczcd.png,2.5688161849975586
sun_aebzthvpaouyftan.png,1.5398736000061035
sun_aederluuyyqktfqi.png,2.791114568710327
sun_aedggeuhrnhvsjsr.png,1.4019373655319214
sun_aedpfwkiwaclnhlo.png,1.3487964868545532
sun_aefcbrgrtkkhfznu.png,1.3699827194213867
sun_aeherdtnoxxjvwsm.png,6.543067455291748
sun_aehmwnhywonrztaf.png,1.381640911102295
sun_aeikthvfgvgivrru.png,1.5249789953231812
sun_aekgzpfilgjxpeyq.png,1.243823528289795
sun_aekvmhlnyqeuiqha.png,1.5126453638076782
sun_aelvlqexqgwgmwxc.png,4.357242107391357
sun_aelzjtbxluarmkwi.png,1.429447889328003
sun_aeoxbagmsshgxswr.png,1.45962393283844
sun_aepgkbouqieiaooe.png,1.3841496706008911
sun_aepjmmsymjuekcfe.png,3.303349494934082
sun_aeroqgzewiqbdocz.png,2.3660271167755127
sun_aesaekvccktziazd.png,2.788954496383667
sun_aesmjndpoqogyfap.png,1.2845076322555542
sun_aetapihskrllrdnt.png,6.568912029266357
sun_aetnuwjmmgjxuqav.png,2.4116361141204834
sun_aetxjdxldeqvhkof.png,1.3616372346878052
sun_aeuhgepysvizzcme.png,1.9128198623657227
sun_aevydkilnuhoseek.png,1.4401047229766846
sun_aexdqzgqahiggqzo.png,3.449096441268921
sun_aeyhqgbyhdhangzf.png,1.6700451374053955
sun_aeyhqikjypxeolsf.png,3.45418381690979
sun_aeyoeoscvwmxyern.png,1.4898741245269775
sun_aezuhrkzpxgayaoe.png,1.3247096538543701
sun_afarueujnhehyyio.png,1.4218931198120117
sun_afdcgmejbrwqgeaa.png,1.5309778451919556
sun_affvsjiyenxuwonk.png,2.746680498123169
sun_afgoiykvchxqotyz.png,1.4139635562896729
sun_afgqszlurifiuhge.png,1.6775370836257935
sun_afhagvtspzxkrens.png,6.587164402008057
sun_afinmakjhofvvybt.png,4.908353328704834
sun_afizghkvlqvhlrde.png,1.6993579864501953
sun_afizqjodvavccawl.png,1.4536470174789429
sun_afknvxgaiewlzajc.png,1.7753721475601196
sun_afkzhwaatxbdwyje.png,2.7351460456848145
sun_aflimfqnnitwlrnb.png,1.444352626800537
sun_afmyzinsyyriyqub.png,1.3427019119262695
sun_afnhigxlhzlkoaie.png,4.252074241638184
sun_afpumbfbcfocaczh.png,3.5906782150268555
sun_afslrcwkonaoxlfi.png,1.5052112340927124
sun_aftfwqztcdyulcfl.png,6.254161834716797
sun_aftqrthzncibopfq.png,2.6874241828918457
sun_afuhztgcqcvfxhnx.png,3.2749013900756836
sun_afvjmcszbcwjohfj.png,6.4974894523620605
sun_afvrukzssnqvdbtj.png,1.7019996643066406
sun_afwtvwqbxpipnabd.png,6.560265064239502
sun_afxalkehxpwbgbec.png,2.200920581817627
sun_afxcienzdiipcqgy.png,2.087247848510742
sun_afxhpzsqiykuebcv.png,1.3418376445770264
sun_agahwoovewlukywf.png,1.3638712167739868
sun_agdolklhpqyffjzl.png,2.00675892829895
sun_agetcjmtbricmpuf.png,3.9870800971984863
sun_agfghckxllgaogeu.png,1.521943211555481
sun_agftyzlylkfwxclh.png,1.448413372039795
sun_agfzeirwtkbdqehi.png,1.4529314041137695
sun_agitjjtogdteybqa.png,1.3479912281036377
sun_agjapalzunkyfkne.png,1.148403286933899
sun_agkxxqnnwbazqygc.png,2.9014060497283936
sun_agloxzhvkzodurph.png,2.5418126583099365
sun_aglpgqhselmbsjfe.png,5.207625865936279
sun_agnvbaxppmkhgxvb.png,6.56129789352417
sun_agocibromfoaybuz.png,1.1075563430786133
sun_agqdjnnfbgkosqgb.png,6.501345157623291
sun_agqvzyuqlrbohisr.png,1.8948498964309692
sun_agreibglsxbjhxdt.png,2.332719326019287
sun_agrjebdfoyttpnap.png,1.7121878862380981
sun_agrqezteutcjldef.png,1.2887448072433472
sun_agtcwwbzxopcbizr.png,1.2723164558410645
sun_agvakjyhqviyjqpm.png,4.719666481018066
sun_agyrzgbpswqopvgk.png,4.3837995529174805
sun_agzpvimusqvinafc.png,1.9780369997024536
sun_ahagmsuehzsysfnv.png,2.5081698894500732
sun_ahawfngukizslzsd.png,1.43178391456604
sun_ahbahrjecmcqevnk.png,1.360406517982483
sun_ahbuavbvaffsgffr.png,1.8619524240493774
sun_ahbvxezbavapqote.png,1.9847828149795532
sun_aheytktztscwvheh.png,1.5959722995758057
sun_ahglqbfkxbqactrv.png,1.5099111795425415
sun_ahgmmtogcvszynnw.png,1.3009377717971802
sun_ahgoshovjjkchffm.png,5.2269768714904785
sun_ahgpuyjjaigczdjf.png,6.63571310043335
sun_ahhhaxrgmujfsusq.png,2.0896811485290527
sun_ahhpsbgnglzysmua.png,1.557045578956604
sun_ahhubkoftignudml.png,1.388579249382019
sun_ahiglhenuwtgaend.png,1.4377992153167725
sun_ahinlwkscbkxrxqu.png,1.3747081756591797
sun_ahlaslozkkgkrxlk.png,1.4119844436645508
sun_ahntvxqzyuejrdcq.png,1.4922062158584595
sun_ahofjniqorznjqoe.png,3.05126690864563
sun_ahqflounpzprmunk.png,6.593006134033203
sun_ahsqkpyxpyepjgxn.png,1.4791853427886963
sun_ahtymmdypyqqmthn.png,6.574526309967041
sun_ahujrsarquffritc.png,3.738985061645508
sun_ahuuqwuiimtlymux.png,5.018558979034424
sun_ahvaoneopufydell.png,1.298312783241272
sun_ahvmneulgayfmkqm.png,1.4737049341201782
sun_ahvsimquxdczxoix.png,1.3810133934020996
sun_ahzkcnxntuakjgmo.png,1.3627890348434448
sun_aiclrokyjyalssnp.png,2.659872055053711
sun_aicyakexfevdjfib.png,1.4422544240951538
sun_aidzostvaltvaups.png,4.7574782371521
sun_aiewrdgnruljdrnc.png,1.4648466110229492
sun_aigoeesjpnlxivax.png,6.633311748504639
sun_aigujudcinwafrqo.png,2.0656251907348633
sun_aihfaarwvxfxnedz.png,1.3930195569992065
sun_aiiznvzxcqhviikn.png,2.9280545711517334
sun_aikqsqvvzmlsithy.png,1.6415421962738037
sun_aimgpzwaczlgqief.png,6.616720199584961
sun_ainvjlcupeqwowdc.png,1.379711389541626
sun_aiocgjwcthdvttcs.png,1.4353910684585571
sun_aioeiallqtbfjymn.png,2.103114128112793
sun_airailhtdwurkwef.png,1.334970474243164
sun_aiswdqfgkxllgxqb.png,1.5382012128829956
sun_aiwxbaalhxdditjo.png,2.609163999557495
sun_aixamttniqkzhijr.png,1.375861644744873
sun_aixpqndlwhwjtjek.png,1.4533360004425049
sun_aiyateqpyzjsizas.png,1.4073481559753418
sun_aiycovwctjlqxwbl.png,1.5538010597229004
sun_aiycurtqsfkvcaso.png,1.4900163412094116
sun_aiyyoznfcwvcogaf.png,1.92010498046875
sun_ajadvewmegqmgagz.png,1.2872967720031738
sun_ajdofftheuhszftu.png,1.7379956245422363
sun_ajemqpllzueglsic.png,1.3143218755722046
sun_ajewicelqnljfrit.png,3.7137084007263184
sun_ajfeiiszphblpacd.png,1.4515169858932495
sun_ajgbrtneyyhkyicn.png,3.1568727493286133
sun_ajilxnxswzeajiua.png,1.2791551351547241
sun_ajiqqgredizowbgu.png,1.266484260559082
sun_ajjbdzmdpvrckwmh.png,6.623426914215088
sun_ajjrfxwkaspzgwnq.png,1.4404407739639282
sun_ajmtpcneyaryltkb.png,3.720221996307373
sun_ajnlkyeubhatsusk.png,1.5657471418380737
sun_ajpcddiyaryyekgz.png,6.432921886444092
sun_ajqihdtigkqdrfxs.png,1.487030267715454
sun_ajqynqzszvofjftb.png,1.6777831315994263
sun_ajujghcjcfkzfqjk.png,3.9272093772888184
sun_ajvuxxwkdwbfbzrs.png,1.3691385984420776
sun_ajvxdivvhxzjwjts.png,1.2976783514022827
sun_ajxvfbkqwjiptuzi.png,1.3836472034454346
sun_ajygurrzpfxqejqc.png,1.2224719524383545
sun_akafihdxnqphclgg.png,6.551949977874756
sun_akbmrcehrbmeolgj.png,3.429457664489746
sun_akcdbodbkmfeupxp.png,1.358139991760254
sun_akcjhylvxeufyjjh.png,1.500844955444336
sun_akcxxbgqrapnmrqt.png,4.976602077484131
sun_akgkqrlniaaogoza.png,1.3820825815200806
sun_akgvxfuhgujhjjpq.png,1.3132812976837158
sun_akgzvlccxlhxuygw.png,1.4709687232971191
sun_akjppmhxrhxoqlhf.png,1.4273350238800049
sun_akjrblsftiiheycg.png,6.516268253326416
sun_akkcfpsvyokmlmwo.png,3.6826717853546143
sun_akkomfouoppmfooc.png,3.800349712371826
sun_akltcbkzrqttydda.png,2.2922935485839844
sun_akmamktsodsljmlk.png,3.8530495166778564
sun_akmjsexipenbwljx.png,6.05104398727417
sun_akojxcvbbcjcajzr.png,1.3402765989303589
sun_akqvdmuauoxeafrj.png,1.5485742092132568
sun_akrdzuurrlitqjdv.png,1.4338438510894775
sun_akslsuexphhsbpwm.png,2.2394707202911377
sun_akubqvqnwwfxhdab.png,1.1596143245697021
sun_akwiywaquuwvcixm.png,6.573303699493408
sun_akwsgpcjdzcxsyzx.png,1.527393102645874
sun_akxlbeczevhjtdyg.png,3.0971391201019287
sun_akyvvdrfhhpkxguz.png,1.9415011405944824
sun_alagufqsctztfexh.png,1.923179030418396
sun_alcdwocqmwxiytcj.png,1.815801978111267
sun_aldiqdwgauilevkh.png,1.3979066610336304
sun_alebavahgbcjlilw.png,1.231221318244934
sun_alebmrufxkmvdazd.png,1.2523210048675537
sun_aledfdjvdimdvcmx.png,1.355680227279663
sun_alemrcsvbnxhrekg.png,3.0147316455841064
sun_alfmjdhrlxodshvz.png,1.4358854293823242
sun_alfyxziavorwrczv.png,2.205503225326538
sun_alfznclqzuxrhweo.png,1.3763413429260254
sun_algtwbhyauhzyhmf.png,1.3019403219223022
sun_algzpsdpasysjynx.png,2.2562670707702637
sun_alhseeozcjpajeio.png,1.545630693435669
sun_aliqepetuupwdpip.png,1.5687624216079712
sun_aljzsnpyavrniktw.png,1.4992676973342896
sun_alkqvjonkkzzbzzi.png,1.4194413423538208
sun_almeohhkbhjhcqgz.png,2.7031307220458984
sun_almtnksfxwvylcgf.png,1.4961644411087036
sun_alnhhgplueakosls.png,2.4034736156463623
sun_alotohxgvdhrbzjl.png,1.3781636953353882
sun_alpractqeyizbear.png,1.1790788173675537
sun_alpuqwdcwzfoohan.png,1.3655627965927124
sun_alqmqymrljxfqbpe.png,1.662756085395813
sun_alrenxdoluotfeqf.png,2.5510144233703613
sun_alrysulkkfkuicub.png,1.5429048538208008
sun_alsdrvwzxzjqstbk.png,1.5694321393966675
sun_alsovurcebalnckj.png,2.6103172302246094
sun_altcuqgtvipeafki.png,1.3156670331954956
sun_altqhwdkhhelfrdm.png,2.627499580383301
sun_alvigraaitfxmeoo.png,1.3860504627227783
sun_alvoexkareccqxgq.png,1.5551623106002808
sun_alwjznlvhejgalis.png,1.3840581178665161
sun_alxwctpznvhdmofk.png,1.380969762802124
sun_alzxzrwqvsuffwri.png,1.4335356950759888
sun_amanmfpjqehuimzl.png,1.3169692754745483
sun_amdsijhmjiunojms.png,1.4434751272201538
sun_amgxpaucmznjfszv.png,1.4112054109573364
sun_amhygsoqlfgvcnwn.png,1.3867249488830566
sun_amiabbtnhsniqxxi.png,1.3627409934997559
sun_amirvaewncjrhrji.png,1.3802274465560913
sun_amjeharpteceokak.png,1.4281046390533447
sun_amjxduwonsnknmzq.png,1.3103493452072144
sun_amkrexmzqdcufnah.png,1.397422194480896
sun_amkuuhdadzzzfvni.png,6.312099933624268
sun_amlushkvkmkboxwl.png,3.669847249984741
sun_ammbnoambmhdxdwd.png,1.3599481582641602
sun_ammqjlktystudwsz.png,1.4739916324615479
sun_amnuohiykcfqgvft.png,1.3961602449417114
sun_amnyqhtcnmthazfl.png,6.583784580230713
sun_amqevktaidsufzef.png,6.634241104125977
sun_amqmkagzucwpdrvy.png,1.938187599182129
sun_amrnwhhcrashwphd.png,1.4879248142242432
sun_amrrjqquiadyblpv.png,3.8054986000061035
sun_amrsltollarnzjhe.png,1.8388828039169312
sun_amskivhvbmabakdn.png,6.607166767120361
sun_amsxrikcuhcctcic.png,1.2857500314712524
sun_amttpvaevkanjyms.png,6.643092632293701
sun_amtugpqionwfaitt.png,1.4650685787200928
sun_amvjipfsvafczhwg.png,1.2403532266616821
sun_amvyzgieqllyakod.png,1.4651103019714355
sun_amwzviotqfacmekh.png,1.4411107301712036
sun_amxzetclivhmylma.png,1.499586582183838
sun_amzfaaifcljsejcp.png,1.798016905784607
sun_anbnxzmccfzzvhvs.png,5.0654616355896
sun_anbsyvzrmxjixoas.png,2.257648468017578
sun_ancegghzusmmvzjn.png,3.287327766418457
sun_anepqgxfijgwjkem.png,1.3429601192474365
sun_anfplyloxlsomyad.png,1.3223364353179932
sun_angurhxxqlgixqia.png,1.4118857383728027
sun_ankbihpzdlhpnmvp.png,1.427253007888794
sun_ankgbmgntdzaofeu.png,2.0937674045562744
sun_ankwpfzsrnmzgnru.png,2.1979050636291504
sun_anlnwclxnlzcdsic.png,3.198089838027954
sun_anmhtrpsulapelso.png,3.083552122116089
sun_anoxxddurxsbnxdx.png,1.3066967725753784
sun_anoysehdxqvtblch.png,1.3988230228424072
sun_anpdzpsubrdncofi.png,1.1410800218582153
sun_anqzetsjxvgxvbli.png,1.2783849239349365
sun_anrpxwajunxbolfb.png,6.159693717956543
sun_anttrbcjldhkvmky.png,6.040928363800049
sun_anuccyypakddkvpd.png,1.3293298482894897
sun_anucnzvdtnqbicra.png,1.4716366529464722
sun_anuugheuandexaxq.png,1.333560585975647
sun_anuvusdcoiiwykfa.png,1.3831093311309814
sun_anvodyjdsggscsle.png,1.3670631647109985
sun_anvrixbclgrqwwyg.png,6.578558921813965
sun_anwslxkaxvqvypzz.png,6.026890754699707
sun_anxhruonipwfydod.png,2.9238338470458984
sun_anxvokcnbgorcxsb.png,3.533695936203003
sun_aoazbzmyvzxdellz.png,1.804766297340393
sun_aobevcyhidndexzs.png,2.6901490688323975
sun_aobohnxcniotaovl.png,1.4160743951797485
sun_aochwmrmihojanwr.png,6.136419773101807
sun_aodtijqkwsygbegt.png,3.9026522636413574
sun_aofdxcazaotxepqz.png,2.5530874729156494
sun_aogfueenyswxzidp.png,2.470287322998047
sun_aogrjjelveuftxwk.png,1.3803495168685913
sun_aojnhalrhfmmhrly.png,1.757758378982544
sun_aojxrjqquphceyco.png,2.829007863998413
sun_aojylfujoazxivli.png,6.618763446807861
sun_aokeiykmgjwvzttw.png,6.356700420379639
sun_aomfabtifhzkcbdg.png,6.602133274078369
sun_aondmbcrpcpdjarh.png,1.4266902208328247
sun_aondzoggxyejkaqo.png,1.2648160457611084
sun_aonxtmxwjuubcnhj.png,2.902242422103882
sun_aooinnxyfefffynx.png,6.587500095367432
sun_aooqimbykkzecvyc.png,1.385331630706787
sun_aopyvswsqulaluiu.png,1.9070603847503662
sun_aoqxiwkfvmyyputq.png,1.3456233739852905
sun_aorgavukezzcysrk.png,1.4092128276824951
sun_aotfathzvfqkviyv.png,1.4250355958938599
sun_aougeyvlmbkzhkyr.png,6.509268283843994
sun_aowiyunizehotuwc.png,2.026595115661621
sun_aowksagtgggbnjqi.png,1.3530547618865967
sun_aowuhwvpxbmeldhk.png,2.4439971446990967
sun_apbghnvhpvfqoptw.png,1.288920283317566
sun_apbyivlpmbrbgytk.png,1.3765995502471924
sun_apdixtwtaavqqonf.png,6.266547679901123
sun_apgzmmrheaequxkk.png,6.647928237915039
sun_aphxoinopcooqdkc.png,1.3972184658050537
sun_apjhglhqiljqcdkc.png,1.2968229055404663
sun_apjorzrmogzguovm.png,1.285758376121521
sun_aplbwxtktljuctyq.png,1.30402410030365
sun_aplomddyhizgxccz.png,1.3453917503356934
sun_apmhovgvmxvpdxlw.png,1.4659082889556885
sun_apnwogngdaronflf.png,1.4965131282806396
sun_apqmswevsqhefqjf.png,1.389519214630127
sun_apqqaoxvnhplfvsk.png,1.430625319480896
sun_aprgbwgrwequqing.png,1.5726053714752197
sun_aptemiigmkoelcen.png,2.7973906993865967
sun_apurpjgazkgbnbew.png,6.482757091522217
sun_apvqljxdifvmyadx.png,3.9518795013427734
sun_apweqkrieytgoicf.png,1.2972935438156128
sun_apwhjtljvhthspsh.png,3.4379403591156006
sun_apwjzdyxbrwpnwej.png,3.1229512691497803
sun_apzbtvmnjxzudvet.png,1.5198578834533691
sun_aqbaaqeojrexbmcr.png,1.2839009761810303
sun_aqcpqawhbhduevtz.png,6.623225212097168
sun_aqeihowlpdprvqfx.png,3.315596103668213
sun_aqeoapwuldyxondf.png,1.3690558671951294
sun_aqesmtrsgiophiuw.png,1.5855330228805542
sun_aqetigpralawagfl.png,2.326472759246826
sun_aqezafmogzlbsghg.png,1.754143238067627
sun_aqjarzbazaghifzo.png,3.8685286045074463
sun_aqkkusvrsmjlwxwd.png,1.4793782234191895
sun_aqkmgatdqbxypggd.png,1.9984740018844604
sun_aqkpxwoptmxmgoaw.png,1.4578427076339722
sun_aqohrmlykrvpbqcs.png,2.445969343185425
sun_aqorlaxzrqoixeha.png,2.242946147918701
sun_aqpczdppoqjonalb.png,3.064146041870117
sun_aqrabcfiiwurrxir.png,1.3722484111785889
sun_aqrixbpdrlracxsw.png,1.3467330932617188
sun_aqrxlonzxujlwehg.png,1.7603991031646729
sun_aqsmsbksghehyjmm.png,2.4564528465270996
sun_aqsugbctmlktryvw.png,1.2063322067260742
sun_aqsyvbwpnbjiotkt.png,6.531003952026367
sun_aqteuialmidhlvbj.png,1.4686996936798096
sun_aquewihcbzrkousv.png,5.426351547241211
sun_aqulzvjtpnwvtyyx.png,1.3662724494934082
sun_aqurqnuwzifwbpwa.png,1.4289873838424683
sun_aqvtatgzrkinbxqt.png,1.5985599756240845
sun_aqwcoqdaramvmvnp.png,1.4517199993133545
sun_aqzfstcrytxkbfrx.png,4.2227559089660645
sun_aqzwapvheiwtspzo.png,6.541759967803955
sun_aqzxwtsrnlsiczsn.png,2.5786242485046387
sun_ardyqbhpwglhclqi.png,1.4583616256713867
sun_arfdlzsnmglcvikh.png,4.461486339569092
sun_arfghexbhkvkvgxi.png,1.7104827165603638
sun_arfsltlmiwgxorwr.png,1.4381133317947388
sun_arfztiomfuqttdrt.png,3.410571813583374
sun_arhqovljbvibrmtm.png,2.0186054706573486
sun_arhsuyqmegcknown.png,6.256706714630127
sun_aritoauaosustgra.png,6.650084972381592
sun_ariuizuixoielxja.png,2.4015817642211914
sun_arlgkxkunjheidiw.png,1.3350048065185547
sun_armgoigbuhwxwuwr.png,3.08601975440979
sun_aroqrlezamgjfcoi.png,1.3701907396316528
sun_arpluuazulzhjheu.png,1.5882905721664429
sun_arqxmdkaavpzmlsf.png,1.4385223388671875
sun_arqzoklemrbeqazb.png,1.320069670677185
sun_artrvxkgrvxsvaqs.png,1.438748836517334
sun_artvacalcbftmpdi.png,6.517944812774658
sun_aruxmlhbieolibhh.png,1.471464991569519
sun_arvpublbqjtdrnab.png,4.535207271575928
sun_arvtcfggzrsifiwv.png,1.324953317642212
sun_arwcwpdohtfcqmca.png,2.197885274887085
sun_arylluczanmwjqaf.png,6.480288028717041
sun_aryoqikeoguqirey.png,3.0882227420806885
sun_aryysosahbqjlhyp.png,6.622118949890137
sun_arzjdlficsywzzxe.png,6.526315212249756
sun_asagxsreouakefyc.png,2.491194248199463
sun_ascgpmqebjzymcmi.png,2.0262093544006348
sun_asdafnvfqdwiwbay.png,5.583223342895508
sun_asdvujhufxfopyff.png,1.3918719291687012
sun_asegovooeshozcdh.png,1.568403720855713
sun_asfmsldgyklakjqm.png,1.829208493232727
sun_asftrklxizngxfas.png,1.5775928497314453
sun_asghxbvkhnkygpuq.png,2.366396903991699
sun_ashqdybzrscmozvw.png,6.438632488250732
sun_asjhjualiqfjjxlg.png,2.8711328506469727
sun_asjtzmwjvhqryqsz.png,1.4339792728424072
sun_asjvnrpboodherjd.png,1.3321890830993652
sun_askwjtamytupzwah.png,1.281224250793457
sun_aslmehlkpcjhwjmc.png,1.3742578029632568
sun_asosyabeygjnhtxh.png,1.411238670349121
sun_asoszlnqrbrczqdj.png,4.304131031036377
sun_asotshujnoeinbbs.png,1.583729863166809
sun_aspmucrzgpodkddo.png,1.3049614429473877
sun_aspzyosxtdhkzahk.png,1.2959474325180054
sun_asqdmjznrgeuozvr.png,1.351288080215454
sun_asqyphqglsneluuc.png,1.3510380983352661
sun_asrifeqqlgmmfnbf.png,1.9085917472839355
sun_astgmykhueefpevo.png,1.5259276628494263
sun_astwltadxgzlydcb.png,2.430925130844116
sun_asucsgijickcsuyh.png,6.588566780090332
sun_asuoinkrgxvegbah.png,1.5374236106872559
sun_asviztlddaycedac.png,1.7944375276565552
sun_aswykbxmrypzjuhi.png,2.8422045707702637
sun_asycbfpwknyndhqc.png,1.4676647186279297
sun_asygldcgyclnvvlw.png,1.6370748281478882
sun_asyixwjjhxaoyxkd.png,1.463044285774231
sun_asystlqtipunmrvq.png,1.4387130737304688
sun_aszvpysjmexcdbpp.png,1.2827569246292114
sun_atapdidnxczyweoj.png,2.119257926940918
sun_atcrgjmyuguyhkce.png,4.071022987365723
sun_atdaqomfljzquqcg.png,3.4428858757019043
sun_atgeochjdywgqxyf.png,1.4604164361953735
sun_atgftsajuwjzuztj.png,1.540701150894165
sun_aticvjcuwokplfte.png,4.888466835021973
sun_atjhxoliruxsdbpq.png,1.9163161516189575
sun_atkirihlypsigxop.png,1.3630833625793457
sun_atkzuhaxqlacvmsv.png,1.363584280014038
sun_atlkspittmykamrv.png,1.951512098312378
sun_atlolpsghvngqjst.png,1.383176565170288
sun_atmofraxvfuortqr.png,2.7752432823181152
sun_atmxdkrnymjzbcnj.png,5.814620494842529
sun_atnfukcihjutwbhn.png,5.010453701019287
sun_atnqwowhlotuclpp.png,1.3956953287124634
sun_atpbyislwizsnszk.png,3.978851556777954
sun_atqcpxguurfkuhnq.png,1.4188517332077026
sun_atqutzzjditgyzxl.png,2.471771001815796
sun_attdviyipsljunts.png,1.4779062271118164
sun_attztnajcmneevzb.png,1.4399080276489258
sun_atugmikryhdkwajt.png,2.928107261657715
sun_atuvmptukfwuhcaf.png,6.578726768493652
sun_atxmhocsnfhaqrgq.png,1.233008861541748
sun_atxwziosjjcednod.png,1.3213046789169312
sun_atypssaymyjhxkpk.png,6.496735572814941
sun_atyvqgdpzkavayte.png,1.459963083267212
sun_auaspqtzbulixqaw.png,1.344291090965271
sun_aubtzwwmrqgapedl.png,2.09179425239563
sun_aubxvxsbzngngkzp.png,4.787286281585693
sun_aucfgnifiwnlrtsa.png,3.398888111114502
sun_aucmdjfiwkckoblr.png,2.557464599609375
sun_aucwamlslizinasd.png,1.6297101974487305
sun_aueyzlbrocczurev.png,1.43802809715271
sun_auffnkuldecxygkd.png,6.557889938354492
sun_aufuzsbvexqalzhb.png,3.137953281402588
sun_aulnzckztegbujqb.png,1.5039350986480713
sun_auohbieuizsluxpj.png,3.250443458557129
sun_auotjecsnkqcjofz.png,1.6732362508773804
sun_aurhnrmiocivbljl.png,4.924514293670654
sun_ausqyahjtatjoasv.png,1.4003864526748657
sun_ausuzueppuisfqda.png,1.337423324584961
sun_autalkozwzfsuuqt.png,1.3012629747390747
sun_auubgudelgjrhpoh.png,1.8741908073425293
sun_auubpayscjcxyypt.png,1.4333653450012207
sun_auuqfgwjayuyytxw.png,1.495973825454712
sun_auvnnqefobhtrhyj.png,2.34798002243042
sun_auwrraazjwdcjcjg.png,3.472557783126831
sun_auwwnyzuzeewivmz.png,4.241304874420166
sun_auxtjmopnddrivou.png,1.4118291139602661
sun_avachejdscjkngdn.png,1.7051762342453003
sun_avbzvunekksfggon.png,1.638727068901062
sun_avdopgvwdhrurjcy.png,2.66619873046875
sun_avdsyxmltrmvdowh.png,1.3597474098205566
sun_avdworktnhijejlc.png,6.648043632507324
sun_avdypgsnqqsbukex.png,1.371025800704956
sun_avedshsrvftfcvmr.png,2.8058688640594482
sun_avegegbnbyhsjhmd.png,1.1733906269073486
sun_avinhlnmelujhfux.png,1.379693865776062
sun_avizukluogzorelh.png,1.4936398267745972
sun_avjbuxbxsfivrlzy.png,6.599223613739014
sun_avjinmigrowfehnh.png,4.094062805175781
sun_avkycnojfyfqmczx.png,4.76613187789917
sun_avnxhhsfmpbdaopj.png,2.5150158405303955
sun_avokinkqypqifwug.png,5.079310417175293
sun_avuruaipomevzxko.png,1.360331416130066
sun_avvtzgvjewywlmdd.png,1.4218268394470215
sun_avynalngsqjqdoxi.png,3.2834668159484863
sun_avzseplowerqbeex.png,3.8168551921844482
sun_awamitppgvaotmty.png,2.5384833812713623
sun_awbvezjmacwtllmn.png,3.1120972633361816
sun_awdbvxtuukoapvxt.png,6.622230052947998
sun_awexdmftowfrehsx.png,3.673118829727173
sun_awgdaeuzimwxnitg.png,3.949122905731201
sun_awgmodgipvlaerrd.png,2.2296395301818848
sun_awgmopzafvqnbeqm.png,1.9229285717010498
sun_awgskwyljozdrlct.png,1.7068575620651245
sun_awhauhtowsrzhweh.png,1.6824827194213867
sun_awhnjywklfthfwmk.png,1.4160070419311523
sun_awiedvycwnyykijc.png,1.6543254852294922
sun_awkhwzafhbdrlgkt.png,1.3582338094711304
sun_awklebuumwqeadit.png,3.8176424503326416
sun_awlscsrcowjpacpn.png,1.305579423904419
sun_awmdmhfqjhaiapjc.png,6.586651802062988
sun_awnrimhwfrncspga.png,1.3410588502883911
sun_awoafxpkvztomgwt.png,1.4374771118164062
sun_awrmjcdjgxbrmgaq.png,3.7233195304870605
sun_awtjgfhdfzpkwwha.png,1.4712605476379395
sun_awufkrkrdrdbvvis.png,2.2638585567474365
sun_awumymhzfvuvgohd.png,1.3945298194885254
sun_awveoicsojsrziij.png,6.638400554656982
sun_awvrogxymlfvgbka.png,1.4104058742523193
sun_awwnbkjycouocmzd.png,1.303774118423462
sun_awxenleecdentwtg.png,1.6152215003967285
sun_awxijiwvlandzcmr.png,3.764737367630005
sun_awxqholhemggfdnv.png,6.2653913497924805
sun_awxstfbbxwgqzijp.png,2.2058334350585938
sun_awycwytxvkewhczo.png,1.429702639579773
sun_awyjssnluvfxtfwf.png,1.358778476715088
sun_awykxytxhsnrgjmm.png,1.4791259765625
sun_awzjlghepeldohpz.png,6.645874977111816
sun_axarcshsnqsefemx.png,1.352196216583252
sun_axcbhkbnagrqigzm.png,6.643861770629883
sun_axdnhlnrnnncenuw.png,1.477658987045288
sun_axecntygrkzmnrbj.png,1.353951334953308
sun_axfpcmfvqnjphcss.png,1.566663384437561
sun_axiigzkvpcunbcmv.png,1.6045821905136108
sun_axiodxlcauklnxet.png,1.4510091543197632
sun_axixcgsxgljfbbzo.png,1.4818862676620483
sun_axiyuzersxpkcugp.png,1.2486591339111328
sun_axjfbbzsphthehyf.png,1.3208450078964233
sun_axkgczjzrllavobx.png,1.4053477048873901
sun_axkrfugcffmazfic.png,1.2630196809768677
sun_axljaxganxwfqoru.png,6.649961948394775
sun_axofqexdcxqlsnpq.png,1.4865456819534302
sun_axpgcjreuqujllvl.png,5.857332706451416
sun_axpmegiepvvkcnly.png,6.572397232055664
sun_axpnddelsrwvoqcn.png,2.082371473312378
sun_axpveqtdzyhpqyev.png,6.5753493309021
sun_axsnrmeoojcyvtfv.png,1.7141255140304565
sun_axueibjqhjhofylo.png,2.464944362640381
sun_axuibhhnhdgaaobz.png,5.215920448303223
sun_axwcyaktpqwnmtup.png,1.4772429466247559
sun_axxhjvrtltsetiek.png,1.3464757204055786
sun_axxsrlgzileujamu.png,3.3376119136810303
sun_axyrejkiiaqiurjk.png,1.3932991027832031
sun_axyyrmzcupyhlivc.png,1.8624097108840942
sun_axzbjpurqckbztvb.png,1.3921213150024414
sun_axzvrleiewzlqgcn.png,1.8665457963943481
sun_axzwuynxcxhtjupy.png,1.3839409351348877
sun_ayawzjmecovufltt.png,3.341081142425537
sun_aybwurcxrgenfupp.png,2.046583652496338
sun_aycqiqrqpigkkwch.png,2.0551559925079346
sun_ayeahxeinjtzanur.png,1.911743402481079
sun_ayecsidneqlekrsx.png,6.333183765411377
sun_ayfrunmpvpdjoulz.png,1.9887446165084839
sun_ayhkvrhsgkijupnw.png,6.625066757202148
sun_ayistaubigrrjklt.png,1.4211567640304565
sun_ayixugdbacarkopm.png,1.344200611114502
sun_ayjbewhhjzxrnqof.png,6.526307106018066
sun_ayjczgbclpelowgj.png,1.6682326793670654
sun_aykzcanmbpokcood.png,1.6625986099243164
sun_aylshdnughbogvpg.png,2.4414596557617188
sun_ayovuzbxjucqhbao.png,1.4800392389297485
sun_ayqlwtvvlgkwmpvj.png,1.3142129182815552
sun_ayqmoohbwshzgorj.png,1.4196312427520752
sun_ayspamgqhvpuhhta.png,1.5143080949783325
sun_ayssmvnrwfowflaz.png,1.3503066301345825
sun_aysteoooadrvljyo.png,2.7085390090942383
sun_aytnkuigtfedfuxo.png,1.3052202463150024
sun_ayuawxtxqbrlpmuz.png,5.742740631103516
sun_ayvlfucdqzqjrmhy.png,1.367149829864502
sun_aywwkjlsyepcqgse.png,1.5734418630599976
sun_ayxztmagpqwgnuql.png,1.3419606685638428
sun_azavzehokhflwslp.png,2.8567657470703125
sun_azbgaopspoglnwzj.png,2.0651934146881104
sun_azbuzftxkdpmdyzm.png,1.2977145910263062
sun_azcrthaogmgkrznp.png,3.1233649253845215
sun_azdnskgxzhborziq.png,2.553407907485962
sun_azdvlbhwwjpqwspv.png,3.4971559047698975
sun_azgozflyqhczhdju.png,1.2978688478469849
sun_azigtauwsvkmgyrt.png,1.4526698589324951
sun_azjljcrmqlmawtbm.png,1.9346266984939575
sun_azjsudewsgmqnhkf.png,3.019512891769409
sun_azluyvkfffjfzvgx.png,2.0556089878082275
sun_azlzcnatveaokirr.png,1.4194016456604004
sun_azlzkzhjfgyveovh.png,1.750612497329712
sun_azmhboomhdmwrpsp.png,1.341484546661377
sun_azmlmjaruxcceqya.png,3.10176944732666
sun_azmstoyzslgczgvt.png,2.0469257831573486
sun_aznfgkdyhcasqufx.png,3.99552583694458
sun_azqeijruetwsfifb.png,1.5442554950714111
sun_azqgpsztungqeboq.png,4.122559547424316
sun_azrngzjhjsvqogux.png,1.8967043161392212
sun_aztbwfaaxqpfjxtj.png,1.3994386196136475
sun_azvkkjwzzrswqebz.png,6.621941089630127
sun_azwcmjdicwzlwjsf.png,4.507792949676514
sun_azxfkkgzwnduoqka.png,6.537693023681641
sun_azzjrimwnymwryjx.png,1.529258131980896
sun_azzvbegxtfxrnaqh.png,1.3201093673706055
sun_baaadaxlitpqvquj.png,4.487483024597168
sun_baaengmwoneteegf.png,2.678985834121704
sun_babdnrtjzbpvdbli.png,1.6151584386825562
sun_bablgmxrsmliouss.png,6.305122375488281
sun_babqyxhpmoldhilm.png,5.207245349884033
sun_bacpdgaoerutfwai.png,2.095548152923584
sun_badugmrvawowxzfy.png,1.979731559753418
sun_baelzjmivqxnnind.png,1.378914713859558
sun_bafboxbypavruipu.png,1.3718324899673462
sun_bafwlwdmehuwqfvr.png,1.2366819381713867
sun_bahrcjpdogosxokk.png,1.9094953536987305
sun_baisnwytcqcpgavt.png,3.8693437576293945
sun_bajturvqnlhysneq.png,1.4209425449371338
sun_bakkjircrhqwtrks.png,1.4623080492019653
sun_baklbtersirgieki.png,4.325965881347656
sun_baktymlnkhzntadt.png,6.4471435546875
sun_bakzkyvdxsgijlgm.png,1.3169605731964111
sun_bamqqnkootdrwhtm.png,1.7975749969482422
sun_banljcigbjcnrhwf.png,4.789288520812988
sun_baptzvwxhkpzqtua.png,1.5102981328964233
sun_bashbnpnxflmstxu.png,1.769273281097412
sun_baskfjhrbrcbjvrm.png,6.658898830413818
sun_baslxatlagtzcmtl.png,1.356802225112915
sun_basrkemwvzeyolvk.png,5.156806945800781
sun_baubhfrhpngqypqr.png,1.4371516704559326
sun_bawbdnpssirlklqm.png,1.6107975244522095
sun_bawcydadrjrkzrtr.png,3.887674331665039
sun_baxfjkdosftycscz.png,6.611976146697998
sun_baxjybmppblnfxwb.png,1.341112732887268
sun_baxunybtfeqxtxbr.png,1.3594378232955933
sun_bbafpemgnyanelwa.png,1.9832440614700317
sun_bbbeoebtsvzdoutd.png,6.4949188232421875
sun_bbcizqthnavgqqet.png,1.8815194368362427
sun_bbdshuytuykokcnu.png,6.576152801513672
sun_bbdxropbksjnmxat.png,1.795566439628601
sun_bbfqkxxrktfasptr.png,1.9310237169265747
sun_bbidpqefmsokhoez.png,5.398395538330078
sun_bbisansxxigfjebn.png,2.0361716747283936
sun_bbiuiqygsbxmtvfb.png,1.9231531620025635
sun_bbkrinncmvljylmc.png,5.166084289550781
sun_bblfnpicekdknpfd.png,1.514262318611145
sun_bblmhhwgomincsmt.png,4.846457004547119
sun_bbmfdpqkrxfwzvaq.png,1.4568253755569458
sun_bbnwdxrsxgvgzkvu.png,1.2254550457000732
sun_bbpsbsljrcmfvigt.png,3.4902682304382324
sun_bbqlzqeivhkkapne.png,6.5412163734436035
sun_bbqxvjeothvtlnez.png,3.3682031631469727
sun_bbrwcqjalnwlquqn.png,3.4557137489318848
sun_bbsevjzddeawnmko.png,6.060903072357178
sun_bbsldvounmbcjdnp.png,4.1688127517700195
sun_bbsqijdywpmqtdtj.png,1.4350022077560425
sun_bbtnlhwybuwithex.png,1.363268256187439
sun_bbubwfwgqybscyda.png,2.3391220569610596
sun_bbujoodjlecbswam.png,1.3382172584533691
sun_bbwwqqjbiyvmzffd.png,1.667593002319336
sun_bbxnrfpgfhnlfdzx.png,1.503861665725708
sun_bbxtljfyiwpnnbgh.png,1.6026190519332886
sun_bbyfxojghxtbvyhk.png,2.7791059017181396
sun_bbzwktvzevqormwo.png,3.074483871459961
sun_bcaazxbrzfcjtplx.png,2.8169524669647217
sun_bcarwioytheufnic.png,3.1992201805114746
sun_bcbflbtwhuioysjn.png,1.5025660991668701
sun_bcbsntgiurrgeuqs.png,1.474748969078064
sun_bccnapeyuiitgzxz.png,1.387323021888733
sun_bcdbhtizvibaalsl.png,1.3943842649459839
sun_bcdufifeiskcurcp.png,3.083609104156494
sun_bcdyiakzgargotey.png,2.0158536434173584
sun_bcejoffuxavpzbjf.png,6.522253513336182
sun_bchscdvagqvpfsso.png,2.522834300994873
sun_bcigoeofjexmbghn.png,2.6383767127990723
sun_bcihxnpbgunynkzp.png,5.9556779861450195
sun_bcjryaqtmitnetbc.png,3.8099541664123535
sun_bcjxyczroqzvrngs.png,1.418735384941101
sun_bckdpvztxhvormnb.png,1.3808499574661255
sun_bcklfkieeutjzaht.png,3.872993230819702
sun_bckoevcurwosynki.png,1.3181413412094116
sun_bclexsqgxfcueagx.png,2.4171342849731445
sun_bclgfgrqkzfqmlir.png,6.634559154510498
sun_bclnphgtvvcsulcu.png,2.385862350463867
sun_bclxaowhmcjxxyup.png,1.7966711521148682
sun_bcmfupqdwpupcwns.png,6.578583717346191
sun_bcnjhlgasrzhincx.png,1.929639220237732
sun_bcqkwacbjykcbsqi.png,1.4361263513565063
sun_bcrpsqrkfdcfxeez.png,1.578199863433838
sun_bcsltrqbbfzsumzm.png,1.5862656831741333
sun_bcsrxjtlkgpkihhb.png,3.430504560470581
sun_bctqadrweuguozsq.png,3.013822555541992
sun_bcvmusqfweuqeedv.png,1.6570688486099243
sun_bcvovsrkuqmypydj.png,6.420439720153809
sun_bcwbcdouovepttsx.png,2.752017021179199
sun_bcwcoqgsueznibgo.png,4.855435371398926
sun_bcwyzvggchetltzv.png,3.3293542861938477
sun_bcxdkojvysimgjfx.png,4.976537227630615
sun_bcxzdapcjzbbhsqm.png,2.9857676029205322
sun_bcyufitsfbcrhooe.png,2.212928295135498
sun_bczeflnxqgkpuxdm.png,1.615215539932251
sun_bczlttwvngwwabrg.png,1.4094830751419067
sun_bdaphipvgqwefzyh.png,2.7153961658477783
sun_bdctcvpcmzqhcmfj.png,6.589850425720215
sun_bddmamlvoqvghvez.png,5.179719924926758
sun_bdejjkuncsbjavzh.png,4.777847766876221
sun_bdelvyhhxnmyexmr.png,1.8547183275222778
sun_bdflmklxzcmwvkpw.png,5.069383144378662
sun_bdfzvpneqfqbfcnq.png,2.4998133182525635
sun_bdgtisllfmzjenxw.png,1.907088041305542
sun_bdhltjoqtmyxhljm.png,1.4290204048156738
sun_bdipfsngarhttapg.png,1.7258955240249634
sun_bdiwlljpmliivkyf.png,6.616519927978516
sun_bdlnnvdpzwcxdohh.png,2.9183857440948486
sun_bdlqyccsvvwnnomz.png,2.0147626399993896
sun_bdmjnosurlritzai.png,1.2619380950927734
sun_bdmrkjfffdqzzwtt.png,6.649683475494385
sun_bdnrhzbhsvekntfv.png,1.6606069803237915
sun_bdpigbyfxqlzrzlp.png,6.617732524871826
sun_bdqydgkbisztohgb.png,6.6261725425720215
sun_bdrcfchcpaldecta.png,6.6184821128845215
sun_bdrdqnukfczzhbuy.png,3.7791261672973633
sun_bdrtzmvpvjjjhfkf.png,1.3633849620819092
sun_bdstzvzpydgefcac.png,1.3685222864151
sun_bdsuwshucmlylypq.png,1.426776647567749
sun_bdszixwbpkeyttyo.png,4.756526470184326
sun_bdtfbvsjmngxtezt.png,2.51214337348938
sun_bduaixgrpgbghqcm.png,2.91729474067688
sun_bdugblqspxfhmaem.png,2.827284574508667
sun_bdusjzbyrrypnlwl.png,1.4392869472503662
sun_bdvfsuhpokltwttm.png,6.603479385375977
sun_bdxmuchtqfuxoxjt.png,2.4439167976379395
sun_bdxuykjhqrjxkqjl.png,1.602713942527771
sun_bdzizggydvbzazkx.png,6.332226276397705
sun_bdzjcwzjazxbudku.png,1.9491281509399414
sun_beaexkkkrudnqwzp.png,1.8690075874328613
sun_bebgpijsqeczgafr.png,1.4302949905395508
sun_bebtaahxpldhjrna.png,2.020331382751465
sun_becbzmfedqexoyin.png,3.8044400215148926
sun_beedelobizyweryx.png,1.3785797357559204
sun_beehkrktthrkvgtf.png,3.66557240486145
sun_beetwlkvphgtfeks.png,2.507253885269165
sun_befmklkjwmrlvjpr.png,1.4474172592163086
sun_befstwmkodudakgz.png,1.5439260005950928
sun_begaqriykgpevrkl.png,1.5521421432495117
sun_begjsohwfecizxjd.png,3.5524721145629883
sun_behmztszxhfywbml.png,3.9401681423187256
sun_beissakbdndzhwpk.png,5.04024076461792
sun_belbaeltfvjwmfmi.png,3.55729603767395
sun_beleuqxdphydmwdj.png,6.627123832702637
sun_beljocifggmzatxb.png,5.185395240783691
sun_beltccrjmujochoa.png,2.367929458618164
sun_belxunkludvdakbq.png,1.3980910778045654
sun_bemkhqqbstjsscwk.png,2.0490241050720215
sun_bemplgmjdmhdyskq.png,4.284571170806885
sun_benlqohnznhvtgut.png,6.6246795654296875
sun_benslgtefebxukci.png,1.5325558185577393
sun_beoixpbmdaobqqpo.png,4.501282215118408
sun_betenvxvczoydwwk.png,5.858612537384033
sun_betpsnyasickitbo.png,2.1356494426727295
sun_betqvjrqhrmcajcb.png,1.324973225593567
sun_beudzcwlnlyqilto.png,3.5803616046905518
sun_beufjrlyporculfz.png,2.4064066410064697
sun_bevfcvatltvrppif.png,2.4652371406555176
sun_bevljkixqxaaatkx.png,1.9815468788146973
sun_bevudzoepcrjskws.png,3.5480780601501465
sun_bewfxihogkndywgn.png,3.3922269344329834
sun_bewlknolukfqyfuk.png,3.032928705215454
sun_bewrnzspryjjsdbl.png,1.6534901857376099
sun_bexijeznhicllkgn.png,2.7097184658050537
sun_bexqjamavdurzwou.png,1.345929741859436
sun_beymsjkywdwqictt.png,6.620197296142578
sun_bezgbkxdmdzodpfc.png,2.012274980545044
sun_bezkrklzfarorihm.png,1.556104302406311
sun_bfawzoltmzmcmhfi.png,1.6269800662994385
sun_bfbagoiqwftdyyer.png,2.2419629096984863
sun_bfbahymgtqfgowhq.png,3.5555906295776367
sun_bfcvebwfyogwmvtr.png,1.4953255653381348
sun_bfcwqknzklhesmsz.png,3.2250349521636963
sun_bfcypjruisfyselq.png,2.4323618412017822
sun_bfetwvxcrsighjfn.png,2.513918161392212
sun_bffnymzswtzkrujb.png,1.4656414985656738
sun_bfigjwjpnblgjbwh.png,1.3683886528015137
sun_bfigzmukdtkxxhxb.png,1.7310576438903809
sun_bfkhvtwktbyrgtmw.png,1.8970131874084473
sun_bfknrrxqrtpmrwuj.png,6.629011631011963
sun_bflcuuoxedgqiygm.png,2.493232250213623
sun_bflxwpbevfzyspmt.png,1.9983341693878174
sun_bfmfmwnwaplhogbj.png,6.609489917755127
sun_bfmvazllrikustoq.png,1.372039794921875
sun_bfmwfbbfbsxrjxnt.png,1.5269359350204468
sun_bfniyetwimeldque.png,1.3245995044708252
sun_bfpvdiidfhykxyvn.png,3.3957788944244385
sun_bfqbvblfjyloakjb.png,1.6335687637329102
sun_bfrufvcashrzlnbv.png,1.294421672821045
sun_bfruzldfozxhbesb.png,1.4625964164733887
sun_bfsbjkqwhoyujxdm.png,1.3594632148742676
sun_bfsdfcgrkgufqert.png,1.6357759237289429
sun_bfsroeazaidaoltr.png,6.588151931762695
sun_bftqvufsnsaycbao.png,3.6323375701904297
sun_bfuchcuyacqdodaw.png,1.647900104522705
sun_bfuctrfemxmunxbq.png,1.7944685220718384
sun_bfufeysqtftjmfuy.png,1.5045368671417236
sun_bfvbfqarlakysess.png,1.5272190570831299
sun_bfvkmevbubaipchz.png,1.3373494148254395
sun_bfwxztaayfnkvwrc.png,2.8874189853668213
sun_bfypfzsgriwvvixd.png,1.5923056602478027
sun_bfyvfqiimvdaxlqn.png,2.2079548835754395
sun_bfzknarnumqnbeqg.png,5.871421813964844
sun_bfztbzvqscvktlao.png,2.674713373184204
sun_bgaiiqfumzuvnmlf.png,1.3615612983703613
sun_bgbbpwzzfsiasqvv.png,2.733524799346924
sun_bgcbfzhqiswnvvnn.png,1.4496514797210693
sun_bgdomvguoztzhbpq.png,6.053475856781006
sun_bgdophjktlxnxagt.png,1.4040552377700806
sun_bgefqycztqzquikr.png,1.5866820812225342
sun_bgekfzqjhrwjugqh.png,2.000500202178955
sun_bghhucfqkgdotdrl.png,1.9763967990875244
sun_bghuewdplzwtifme.png,1.2452059984207153
sun_bgjbclbeggetjdfl.png,1.339298129081726
sun_bgjbdhubbegvtmkv.png,1.8495604991912842
sun_bgjjsalgrydbrqjl.png,1.31776762008667
sun_bgjqgwpsbclcnhct.png,1.7456417083740234
sun_bgjrtiivbwugxhxp.png,2.342543125152588
sun_bgnmlxbfxvlbssfe.png,2.2177066802978516
sun_bgoecsfdwynzflgk.png,2.995664596557617
sun_bgoiwzufmjixyjdq.png,2.6670968532562256
sun_bgosudmyldzkcmfv.png,2.2895379066467285
sun_bgpcntiiiuvweujk.png,2.5782487392425537
sun_bgpltlmtlixufpat.png,3.372849225997925
sun_bgpmezdwfeklpnml.png,1.9144047498703003
sun_bgrrrlvcogamhmnf.png,6.61379861831665
sun_bgtevttkunwdxcnc.png,1.5668073892593384
sun_bgtratrjfolfwdzj.png,3.0093472003936768
sun_bgumiuhyimvezfeb.png,1.5111945867538452
sun_bgusozmwcjqeelmr.png,3.033421754837036
sun_bguypsxgvacnktfg.png,6.516115665435791
sun_bgvfjygvkmlmxjej.png,1.4418028593063354
sun_bgwdwaeuakbmuxeg.png,6.634674549102783
sun_bgwtyhnvvqtyetda.png,1.5223991870880127
sun_bgxeriextvbkhbfe.png,3.6079115867614746
sun_bgzjryivyczuvkvm.png,1.8663684129714966
sun_bhavnevyzhxissyk.png,2.3706459999084473
sun_bhaweieutflnnywh.png,3.8558974266052246
sun_bhdnsnsxektcrmnc.png,1.6942414045333862
sun_bhdodffwxvtqotdz.png,6.529712200164795
sun_bheohfujdgqkjcmr.png,1.4917374849319458
sun_bherpogxcapbxyrr.png,2.67972469329834
sun_bhewxrwibqyfxgxp.png,3.6169240474700928
sun_bhgfrjxthmegwkbu.png,1.5123865604400635
sun_bhglqbfkxbqactrv.png,1.3741823434829712
sun_bhgrpkivoexfdank.png,2.9222192764282227
sun_bhgxtbnjtmhdjsgk.png,6.6273908615112305
sun_bhhasixxzkqyhywe.png,1.4520925283432007
sun_bhhbiqyojxkiwrll.png,1.3968639373779297
sun_bhhhqbiekouqmkac.png,1.718279480934143
sun_bhhtrmwvoadbfucw.png,4.844196319580078
sun_bhhvaejtcvichkpm.png,6.628087520599365
sun_bhiplnjaxcfjsmge.png,1.3724749088287354
sun_bhixsbikiamkdlxa.png,2.0265591144561768
sun_bhizxrsqlchryhhv.png,6.609704494476318
sun_bhjuwoaxdrdgsqqe.png,1.6156001091003418
sun_bhlugtxwagydpqdu.png,6.541983127593994
sun_bhmajchacqkvaqlf.png,1.2963796854019165
sun_bhmesxjrrlbjpjpz.png,1.668641209602356
sun_bhndlqszdyjufigo.png,4.579589366912842
sun_bhnwkiyrkkgnefwf.png,1.7264888286590576
sun_bholsblufawffpun.png,1.4048928022384644
sun_bhormfokawttatgc.png,1.4639976024627686
sun_bhphmnxxnwuclnfb.png,2.633018970489502
sun_bhqnpwbpxudzbiqb.png,6.664549350738525
sun_bhrfoniyefglrcfl.png,1.800451397895813
sun_bhrpukfhvmtkkxlw.png,2.8695671558380127
sun_bhsirvbzddqizrxd.png,1.4193849563598633
sun_bhsrbwjczgxwjdyu.png,6.571463108062744
sun_bhstabllfxqmqfki.png,2.2487659454345703
sun_bhsvoxhngtvlfcxy.png,1.7384562492370605
sun_bhtuutqvtlypnhct.png,6.420291900634766
sun_bhudxlpdkywdgwba.png,4.529250144958496
sun_bhvdcsumgmncffse.png,3.5987257957458496
sun_bhvuqwhhdrfmwhjd.png,6.643547534942627
sun_bhwbnzkvnxfturxh.png,4.743368625640869
sun_bhwmdsmcpomvprxp.png,6.614834308624268
sun_bhxpmohdpqnzfkhy.png,3.850767135620117
sun_bhyxzyjlxujlguhy.png,6.622910022735596
sun_biaagwvvtbnxdnos.png,2.629943609237671
sun_biazfyrjppndeuml.png,1.3164783716201782
sun_biazkvmtmvicrnmp.png,2.533869981765747
sun_bibpkzdjvvkvhltq.png,1.4602705240249634
sun_bicdjokshkccozjk.png,1.565173625946045
sun_biclizlkkeknhqqs.png,1.5631542205810547
sun_biclmmlgmotxrzkh.png,5.506542682647705
sun_bidefnxvnvwxhfco.png,1.291426420211792
sun_bidhlflrqqkdzeni.png,3.7071943283081055
sun_biemgsbfologmbxx.png,1.440648078918457
sun_biewsknlfkpuavdb.png,6.4862380027771
sun_bieydjzghogcuche.png,1.546250820159912
sun_bifbfseaqcgygyoo.png,1.427640438079834
sun_bignjiblzcbyzdoo.png,1.370805263519287
sun_bihhflcnonnooztq.png,1.4923487901687622
sun_bihhseftugogaqec.png,2.7964694499969482
sun_bihzlyaiqnrhvsek.png,6.6464524269104
sun_biipoielavkspiqe.png,1.4598578214645386
sun_bijmqyaglnrzqfku.png,1.3299951553344727
sun_bikzmmynppjwtykr.png,2.84261155128479
sun_bimdpagwyqrufmzk.png,1.226658821105957
sun_bimowfoneezwqocq.png,5.616076946258545
sun_bipkhjhjnnisxsns.png,1.4627244472503662
sun_biqdshexzanwirbv.png,2.703238010406494
sun_biqivvudcrvqfaen.png,6.1944193840026855
sun_biqrgcouxiysrxxv.png,5.366299152374268
sun_birjrgxyjrzhdrng.png,3.185767889022827
sun_birzjkswnrkcieqk.png,4.700501441955566
sun_bisjjmduzocgpqms.png,1.3501358032226562
sun_bisoxskpwmqoxaag.png,2.7225210666656494
sun_bitodgqflfykstrr.png,6.627981662750244
sun_bitvseyrkpkaitod.png,1.4673532247543335
sun_biucrrkejqofiucf.png,1.4585871696472168
sun_biuhkfjdwgohbbjt.png,1.9644593000411987
sun_biuiuxadfibucete.png,6.567442893981934
sun_biuytmjiftzihfty.png,1.8203352689743042
sun_bivsgwnbqjyrtlwn.png,1.3788306713104248
sun_biwcwomnlcgmilvy.png,3.6610350608825684
sun_biwjtjbrkjosclay.png,5.894190788269043
sun_bizrwckmhzkkhtob.png,2.1402883529663086
sun_bizvmlpygibosngq.png,5.265388011932373
sun_bjcdhrrtbbootljx.png,4.384021282196045
sun_bjcstycswrsmbctd.png,6.615065097808838
sun_bjcualvhnykgsjyi.png,1.6082367897033691
sun_bjcupuhiwzxupeuu.png,4.783514022827148
sun_bjcwnelmvddrpwte.png,2.600478172302246
sun_bjdkdxjfpmmacqtl.png,4.543415069580078
sun_bjdzlylirzzwzwxy.png,6.465723991394043
sun_bjgxbesgeiwalpxd.png,2.5229718685150146
sun_bjhirlncvirefpno.png,6.042410850524902
sun_bjiavnrzxfiitfid.png,6.6009321212768555
sun_bjivwvyrzuvrchti.png,1.3315304517745972
sun_bjiwldemlzjhfkhk.png,4.8202104568481445
sun_bjjetqbnrdybzeqd.png,1.7887972593307495
sun_bjjkktafutnclxcb.png,1.671409010887146
sun_bjjucghzlqyrrmqb.png,1.45014488697052
sun_bjkhzusrmlwsxbra.png,1.3733516931533813
sun_bjlkthvuowdwxgyb.png,6.597225189208984
sun_bjmilpeatkfzmest.png,1.4126925468444824
sun_bjovgycboomekyyx.png,2.9197640419006348
sun_bjpryaalypkmqtnw.png,6.344625473022461
sun_bjqseeruaxsnqgkd.png,1.9804662466049194
sun_bjrkxxgvnxwtdykz.png,1.3551735877990723
sun_bjsgunamtrzqcbet.png,2.2034430503845215
sun_bjtaegjndovtoubb.png,6.629242420196533
sun_bjthkfmyekdkjwln.png,2.8109567165374756
sun_bjuopgcqzceavmmx.png,2.468050479888916
sun_bjvszycdbpvpjzgz.png,3.7098746299743652
sun_bjvzbpnxrwwnflpq.png,4.200813293457031
sun_bjwltvmogymqyjjt.png,1.5745419263839722
sun_bjwxsiaofeanyezl.png,6.6180925369262695
sun_bjxlqavifatxtwjt.png,1.351440191268921
sun_bjyfvxrapsdvnver.png,1.7336901426315308
sun_bjyqblmdzrhbguyl.png,2.5278160572052
sun_bjzmdmbhkuxglfuv.png,1.4726654291152954
sun_bjzofovqbfxtmaju.png,1.348231554031372
sun_bjztmzqnymhgycso.png,2.647602081298828
sun_bjztsrxauimzlsku.png,1.4599334001541138
sun_bkaiztqswvwaxaym.png,2.703577756881714
sun_bkazkjiovinsdaqt.png,6.579961776733398
sun_bkbffczhbivzdefr.png,3.5724124908447266
sun_bkbqwdqlezhxycww.png,1.698767900466919
sun_bkbvakgmxqftttgc.png,2.385251045227051
sun_bkcscxrnwwqnbstu.png,6.591752529144287
sun_bkctmeakwpethtjw.png,2.388530731201172
sun_bkdeshnqeekulgmf.png,2.8020517826080322
sun_bkdsnknbpqifjaed.png,3.601475477218628
sun_bkdvbhqtrfvxwqzn.png,6.602865219116211
sun_bkeakwwuorrvdesj.png,2.1339938640594482
sun_bkegtxfywalgsnpt.png,1.3853273391723633
sun_bkfplxilujvokdsa.png,2.4706127643585205
sun_bkgwnjebvsccilhm.png,2.4383223056793213
sun_bkhttoyxunbynfhx.png,1.9018757343292236
sun_bkjeansajzflmwde.png,6.629326820373535
sun_bkjhovqagpfknkax.png,2.2878527641296387
sun_bkjoksqxwfflylyr.png,1.3610243797302246
sun_bkmhsmcwkqzsrjha.png,6.588656902313232
sun_bkmnfgklupjijsgf.png,6.623566627502441
sun_bkpakbrnbklrfcms.png,1.4760065078735352
sun_bkqjiwqzupabsuuv.png,2.415492057800293
sun_bkqpapkaruexihsy.png,1.9157274961471558
sun_bkrjfovupmughuiw.png,1.5568584203720093
sun_bkrofqcitaxjonzw.png,3.097292900085449
sun_bktldkkgtlpfxekt.png,1.6256197690963745
sun_bktnbusoqehxodok.png,1.2438368797302246
sun_bkuaqrcgqponrayx.png,1.3806556463241577
sun_bkucgyejzvbtoqav.png,1.4715588092803955
sun_bkvjqgmploznrhxt.png,1.3296992778778076
sun_bkvlvjiymovezhfy.png,6.62200403213501
sun_bkvvyhrnhmrrneyt.png,3.7384934425354004
sun_bkwqkdbzqhhjdkap.png,1.4688535928726196
sun_bkwxuiaegmjazcvy.png,1.7068151235580444
sun_bkxbxcgkhlirggrb.png,6.416211128234863
sun_bkxcyqxbwhobikqq.png,1.6388070583343506
sun_bkxlvtkggzrtvmdy.png,6.44269323348999
sun_bkxtppavkyxkskcy.png,1.442370057106018
sun_bkyldjfasnhjhide.png,3.829179525375366
sun_bkzkcnjanxvmpdzi.png,1.3915274143218994
sun_blaxllyywlqrpqua.png,3.823977470397949
sun_blbbzwvxjszalhpl.png,1.9744383096694946
sun_blblulildyncrsov.png,3.2732815742492676
sun_blcfplilhaeruswa.png,6.429813861846924
sun_blcjyozpqdyuwjkh.png,6.627115726470947
sun_bldpbdihrcxgnuco.png,6.609856605529785
sun_bldstoyxjdrkcnva.png,6.537861347198486
sun_bleairnlmvyabutd.png,3.9591519832611084
sun_blfirrlwwifwelee.png,1.198448657989502
sun_blfnersifcmzaxqr.png,2.1311163902282715
sun_blgesddskghneaan.png,1.5074236392974854
sun_blifcjesampnahex.png,2.604734182357788
sun_bliqdzegdmaqgkby.png,6.6280951499938965
sun_bljveksourcslxbh.png,5.579480171203613
sun_blkcxqbxsvkojcdw.png,2.640226125717163
sun_blkotnnxgwppowib.png,1.669130802154541
sun_bllfgnmntfhurexa.png,1.6505663394927979
sun_bllkndonlhkoobtd.png,1.4124441146850586
sun_blmqhexytbgvxtfc.png,6.633951187133789
sun_blnookkatnsqgson.png,3.836097002029419
sun_bloeoiozwjjsiamp.png,1.4571936130523682
sun_blofpubzqzwbliew.png,3.6004278659820557
sun_bloqozmrdexaeycf.png,6.535620212554932
sun_blrdlpwdywvqegru.png,1.5252001285552979
sun_blrezysmfhmmxuic.png,1.6868715286254883
sun_blrtnkglaaizjezx.png,1.569371223449707
sun_blrwitwahfvzqpxs.png,5.911230564117432
sun_blsbpqjmkatjrdcb.png,1.6407113075256348
sun_blubgafnjndrjqiv.png,2.848860263824463
sun_bluykudrvxrobshz.png,6.531313419342041
sun_blvieidqiaxgwfjr.png,5.216506004333496
sun_blxpgrolcsoyffdu.png,1.6445122957229614
sun_blxvkigunxozwgcz.png,6.30889892578125
sun_blzornbiiofnxflm.png,1.7085702419281006
sun_bmaeyuivtpgiakzk.png,1.5228276252746582
sun_bmaiocftdtvnzgap.png,3.101551055908203
sun_bmbbtroabdvhvlhf.png,5.193776607513428
sun_bmdatjlblfopdipj.png,3.2826220989227295
sun_bmetmfewukxqlfbm.png,1.3721082210540771
sun_bmgimpwmbkfljnzk.png,1.9357366561889648
sun_bmgthuhdvypqjycb.png,6.585258960723877
sun_bmjrnjqdommywtqo.png,1.3526191711425781
sun_bmjtplixqemghubb.png,6.569223880767822
sun_bmkabysemdexzaoj.png,5.67179012298584
sun_bmlffyuzrsseefcy.png,1.3009799718856812
sun_bmlunrvboqhtbmah.png,2.4443819522857666
sun_bmmkribmsaepaoqw.png,2.36685848236084
sun_bmmspyttzyqpliiw.png,5.281870365142822
sun_bmoukevlstbelajx.png,1.4639703035354614
sun_bmqesbzvivvecddd.png,5.90104866027832
sun_bmranzdqyutgllss.png,3.530461072921753
sun_bmrkgdjghbpzhmlf.png,1.4065096378326416
sun_bmrlfhzviyswcgmx.png,1.4557983875274658
sun_bmsvytlzdpjcidiv.png,1.39601731300354
sun_bmuyyodzspuocgmb.png,1.75553560256958
sun_bmvobhbjdjfhtuzw.png,6.614875793457031
sun_bmvsxhyoiefzkwoa.png,3.5380821228027344
sun_bmvtdxqesnodhhcn.png,6.571843147277832
sun_bmxqakxclskcffrf.png,2.3654372692108154
sun_bnbblulyamtvhofo.png,6.613708019256592
sun_bndbkdzixliunlbz.png,1.5034723281860352
sun_bndpjbxcteiqcecd.png,1.4376085996627808
sun_bnelubfctlhwpinb.png,4.573136806488037
sun_bngitnxojowbtryw.png,3.4039440155029297
sun_bngwdentuaxkrbmf.png,1.3965609073638916
sun_bnjjvqfscbfxhhgw.png,2.392552375793457
sun_bnjvafvsrofucsme.png,2.014798879623413
sun_bnlgipfpzrbgnrfz.png,1.4237526655197144
sun_bnlzfdydpikkvobh.png,5.056223392486572
sun_bnmbrujyjvxqkdtt.png,2.215394973754883
sun_bnmikgydcgeanztc.png,1.3884752988815308
sun_bnnmdrrmclgnywlw.png,2.1385068893432617
sun_bnnqlkprusmejywg.png,1.9135247468948364
sun_bnozuvoxisdxvifu.png,6.58773946762085
sun_bnpcilxaupgextqs.png,1.861112356185913
sun_bnpqmnsbpbqyylfo.png,1.4370249509811401
sun_bnqhucvwgqdwhwnu.png,1.3314666748046875
sun_bnrgyjbzriibwhvo.png,4.359618663787842
sun_bnrmrzbaqlfkvsbd.png,1.7152653932571411
sun_bnsrnpeqactqrcuy.png,6.613070964813232
sun_bnszcgxfcpqjvfny.png,6.6355299949646
sun_bntdhpqeejymbasj.png,1.4538612365722656
sun_bntdovmdmtgxlycb.png,1.2980928421020508
sun_bntjszlysoycfuda.png,4.5343732833862305
sun_bntuburqooevfkwf.png,5.570202827453613
sun_bnudgebylmrjsrya.png,4.575963020324707
sun_bnuklyhtxhqbatot.png,1.372147798538208
sun_bnuocfbudybnkgtg.png,1.793229341506958
sun_bnupdlyoatjwnbzt.png,6.542224884033203
sun_bnuwzkdvendqyydk.png,4.828143119812012
sun_bnvcevtzvzsnzmqf.png,1.564796805381775
sun_bnvfgjkgdenrqzuv.png,6.627514839172363
sun_bnvktkxjwtcripcc.png,2.3165018558502197
sun_bnwmrfvcewsqyvqh.png,6.525257110595703
sun_bnydyehhrwdlmjlc.png,2.7363338470458984
sun_bnykdtkwvuqkpbaw.png,5.70153284072876
sun_bnzcizmmlzirjubc.png,3.4813356399536133
sun_bnznrolvclezvpfc.png,1.4146966934204102
sun_boamvthjxjuzqxmt.png,6.587234020233154
sun_bobpholdjtxszdqk.png,3.6050515174865723
sun_bobpteqkygybpjee.png,2.061894655227661
sun_bodxcqeayiousjwi.png,2.2356767654418945
sun_bofkzhddisigfdwb.png,2.9693663120269775
sun_bogubscuoanxvspd.png,6.6099419593811035
sun_bogybasqeljvmuuy.png,3.5512571334838867
sun_bohzkwkaikjgfcvh.png,1.3478267192840576
sun_boirpwdzglpdlmkg.png,2.9235215187072754
sun_bojbxgadgjyajeaw.png,6.646534442901611
sun_bojegsnaoubwaamt.png,6.568814754486084
sun_bojwcobekwxsubcq.png,1.4791563749313354
sun_bojywhwufsckphfa.png,6.622949600219727
sun_bokdujqfvounvosu.png,1.4004161357879639
sun_bolmagkqumbypozc.png,1.3371113538742065
sun_bolpiwiitgdpdnog.png,1.5463389158248901
sun_bolzsneowwuahrnf.png,2.7541444301605225
sun_bonswpzzkiaqhcvn.png,2.598288059234619
sun_boologreitujkgzl.png,1.484452486038208
sun_boopkrddeylhyrra.png,6.653641223907471
sun_booxopykmiqnsqbq.png,2.5957460403442383
sun_boqesjqpnyhhfcge.png,2.2062673568725586
sun_boqjoybowlbmweje.png,2.7746055126190186
sun_boqmdvdcpxqaepno.png,2.8325462341308594
sun_bouefbengbwzxyjm.png,6.603198528289795
sun_boufgidjpgeuekbq.png,1.7102729082107544
sun_bousoedboylwfefu.png,2.7658674716949463
sun_bouwelaruvflqplc.png,6.5758795738220215
sun_bovlfxshtexnypao.png,1.6239733695983887
sun_bowcanmkzrxjcsyb.png,3.0573461055755615
sun_boxalsqhtohlxoto.png,1.3434301614761353
sun_boxccvvopkkhlowy.png,1.4264172315597534
sun_boxowlegplpgysrk.png,1.6951626539230347
sun_boymumhxfxpvyfle.png,2.141697883605957
sun_boyqpbfjtnsmufyr.png,3.946383476257324
sun_boyrvlmqnirmdrme.png,1.5723824501037598
sun_bozcdkmsntflkcem.png,3.804507255554199
sun_bpaicvuevfqvwsqc.png,6.617903709411621
sun_bpbrotispvainqiu.png,1.4966543912887573
sun_bpcalwtxdsdvsrvp.png,1.8643360137939453
sun_bpcftshsjyxvpvlf.png,2.8208138942718506
sun_bpcilqrxoivwvdne.png,5.622283935546875
sun_bpfkhnkxywdodcic.png,1.4403655529022217
sun_bpglwcsgrpbfxkgo.png,1.4586786031723022
sun_bpgrfkfrswdxbkxh.png,1.7968086004257202
sun_bphiwtwduthgcxgn.png,3.33376407623291
sun_bphstrqrckkxaifl.png,3.9166390895843506
sun_bpjaugthurqqesou.png,5.035463333129883
sun_bpjcjsyixxowjmdl.png,1.588114619255066
sun_bplqsmzcsrlgjrqw.png,1.4069613218307495
sun_bpoqpwlmchbnojdo.png,2.8385186195373535
sun_bpqkwsampdacpvwv.png,1.5199580192565918
sun_bpqornjxtulmihwe.png,3.348266363143921
sun_bprbbpnbntrcpnot.png,6.574667930603027
sun_bprocfhohvyevfet.png,6.658198833465576
sun_bpropflclmvrtdjr.png,1.3098280429840088
sun_bpskxgpcrpflumtc.png,1.7909064292907715
sun_bpsrgnaguxblvsvl.png,1.3636351823806763
sun_bpudusvelewkvdug.png,1.3596363067626953
sun_bpvbjnjzijnakkkk.png,6.193897724151611
sun_bpvgiuarfetinfdj.png,3.3287861347198486
sun_bpvpmstgdqmdjoqh.png,1.4146054983139038
sun_bpxxnnqefzqoptxd.png,2.768338203430176
sun_bpyuppjnwkmubrdy.png,6.5450544357299805
sun_bpzrvalzazjnyiiz.png,1.4454506635665894
sun_bqakgkpsafzbnpyc.png,1.4800418615341187
sun_bqbaerqorxryhiqy.png,2.1322181224823
sun_bqbhwtpqtgfhukck.png,1.4286446571350098
sun_bqbrqaxchjzarsjp.png,4.449328422546387
sun_bqbsbqnxivbgilpp.png,3.6603941917419434
sun_bqdcurfhxbxgclsh.png,6.65747594833374
sun_bqdordpczpksbhnv.png,2.18009352684021
sun_bqeluydlsiyvdvzx.png,4.937118053436279
sun_bqfhmkfaidjdjruy.png,4.943080902099609
sun_bqgdiisknsocgxsn.png,1.4648172855377197
sun_bqgrlxjqpobcqhuw.png,2.568880796432495
sun_bqicaqmboiaqokue.png,2.775047540664673
sun_bqimehagaahznqkn.png,2.8666727542877197
sun_bqingdqhcymxzrsz.png,1.2288979291915894
sun_bqipunssaycegvhy.png,5.354761600494385
sun_bqivxmjqmyeagxxl.png,3.2082204818725586
sun_bqjcfcrpbgkomkmr.png,6.639090061187744
sun_bqjuovyovmqpjdxv.png,6.629907608032227
sun_bqkruzxpoosoltth.png,3.91575288772583
sun_bqlayciimkuzivnw.png,6.636303901672363
sun_bqlqigrtvsekvebg.png,1.325255274772644
sun_bqmfdqurmypfritz.png,1.5426557064056396
sun_bqmvtssfxojuegby.png,3.428351402282715
sun_bqnzqakjxvserfkt.png,4.979307651519775
sun_bqpannxepavphgcn.png,1.5676487684249878
sun_bqpyqljaflidcauh.png,3.595060348510742
sun_bqqpfbusjnjhwayo.png,1.4767638444900513
sun_bqqvtwsncvxqufue.png,1.4259353876113892
sun_bqrjptqnidnnvadx.png,4.9149017333984375
sun_bqtcyewednaaywqs.png,6.635434627532959
sun_bqugyajmoxytakeb.png,1.5367207527160645
sun_bqupknowrmgvsacn.png,6.578653812408447
sun_bquqmlkathlolyfo.png,1.2637840509414673
sun_bqurxlaxwqxzmsmk.png,2.336519718170166
sun_bqwbawqujraqyqrh.png,1.425142765045166
sun_bqyohbxfirseiccm.png,6.629484176635742
sun_bqztysnfffcbvhda.png,1.3459454774856567
sun_brahopjmnaqwwmmx.png,1.2954670190811157
sun_brawbagnjqkorhjs.png,2.6297614574432373
sun_brbyihgdqtqdcnxc.png,6.6576619148254395
sun_brcdipdfrotfpeyn.png,3.0635945796966553
sun_brchwspeeunoiiii.png,1.7803730964660645
sun_brcnweauxwwhfmme.png,6.153690814971924
sun_brdftbxacesbcdgl.png,1.4404045343399048
sun_brdgfyrfccwrgnqr.png,1.4169921875
sun_breoaiizcipfnqab.png,3.1141531467437744
sun_breshxktngoefxit.png,1.6601301431655884
sun_brfjqwudjlgxmdwb.png,1.3843127489089966
sun_brgdktomgzvbnpdv.png,4.931107997894287
sun_brghwxnerwfqubwo.png,2.9650955200195312
sun_brgznhfgoszqylww.png,1.750922679901123
sun_brifkzatyyuxoztn.png,6.61298131942749
sun_brjavmbhmewbymqa.png,2.993665933609009
sun_brjbtkwrbnxdbipk.png,4.002622127532959
sun_brjybwuecwwcltuk.png,1.443381667137146
sun_brkabaozbwvitgxf.png,4.1404500007629395
sun_brmvtualioiyddad.png,1.4871983528137207
sun_brnytfxptqsjftkl.png,1.530446171760559
sun_browhtghljbzuemv.png,6.472795009613037
sun_brpdgnvnpubmjasg.png,3.577410936355591
sun_brpoxjopmnslgnjv.png,1.382264494895935
sun_brpvsvdggkcwkxdy.png,2.117116689682007
sun_brpwztmgmcdwbczi.png,6.620091915130615
sun_brqhdtmjbvekbgyb.png,1.5549243688583374
sun_brrmbxqlnhucmqmb.png,1.433856725692749
sun_brrulzkdcicdbdll.png,3.390207290649414
sun_brtoxzcjsplvrhnz.png,1.4164711236953735
sun_brvxpggcpkvbikem.png,2.7683403491973877
sun_brwcwpdohtfcqmca.png,6.436794281005859
sun_brwfhwfvwprvdnsg.png,1.4095866680145264
sun_brzirocotnsoinpb.png,6.593304634094238
sun_bsaoeebxsvspudbq.png,2.8778295516967773
sun_bsbepnhfkllnfawy.png,3.098301410675049
sun_bsckmjlqsczsayzv.png,1.6524302959442139
sun_bsdfqzpwwzcboiub.png,4.444103240966797
sun_bsdggsnvseffqhed.png,1.3958388566970825
sun_bsdnohndctxdsaha.png,2.9011356830596924
sun_bsdssauruacsaomy.png,3.2332632541656494
sun_bsdwkmcsutkqylft.png,1.4086005687713623
sun_bsedbyqgrcdkuanp.png,1.5370625257492065
sun_bsejhpomauvjfnbm.png,3.97446608543396
sun_bsfjquzxrikccygm.png,1.3689028024673462
sun_bsgmwkftttvjyvqk.png,6.63194465637207
sun_bsgtylshcdilauhi.png,2.9232900142669678
sun_bsgvhkfbcdxxihwo.png,6.638364791870117
sun_bshbixtyrioalvip.png,3.74580717086792
sun_bshqdybzrscmozvw.png,2.86130952835083
sun_bsirenasjenoyhwy.png,3.08392333984375
sun_bsjgpmgflloejcjh.png,1.4286171197891235
sun_bsjucttvlnurweef.png,1.7017196416854858
sun_bskpvuntksfyssdr.png,1.3991340398788452
sun_bslguortidcunuxu.png,1.941301941871643
sun_bsmfrekdbsboycod.png,1.5928754806518555
sun_bsmnotyszoxrjflt.png,3.0360593795776367
sun_bsmvdfnjlulewkpr.png,4.667429447174072
sun_bsmvjfrmboechadw.png,3.4486424922943115
sun_bsnzwhhfcbkgxlvt.png,1.5482778549194336
sun_bsrxtixhxzmwiczh.png,6.648464679718018
sun_bssiqcjaiiyqmpqg.png,6.6025309562683105
sun_bssqujyptrjswpxb.png,1.4343725442886353
sun_bsthsjctocamluvy.png,1.4785135984420776
sun_bstlntsvhyezqgap.png,1.5026518106460571
sun_bsubqhpyyzaqxzkk.png,3.3557779788970947
sun_bswfottgblfqiwoy.png,1.6833668947219849
sun_bswnzfgwxhgvfknh.png,1.3490923643112183
sun_bswtasbcsdaqkhmw.png,2.015111207962036
sun_bswvnksjyjmepmqm.png,4.476505756378174
sun_bswwxfxlteiuzimr.png,3.4033610820770264
sun_bsxdfqlzbzagmjkw.png,1.3147131204605103
sun_bsxsmqmkhxxlkoub.png,1.6805469989776611
sun_bsxzjawfsmcfbxzg.png,6.631929874420166
sun_bsyikybqxwyzoimv.png,3.0057005882263184
sun_bsykwzjqxggxgpbz.png,2.5281920433044434
sun_bsyofgkkvqjlirwa.png,6.353979587554932
sun_bsyojodrkyqyrsur.png,2.3165907859802246
sun_bsypujmiwascibiu.png,4.350347995758057
sun_bsyvgrofihwzufzd.png,1.4974018335342407
sun_bsywfkspmpaelmbu.png,1.4335962533950806
sun_bszmynrchdzpggxy.png,1.4761605262756348
sun_bszngxmltdqdachn.png,6.658095359802246
sun_bszziobyipoqmclc.png,6.510829448699951
sun_btagmtoojkghfpnw.png,3.4800102710723877
sun_btbmkkckrohiamrc.png,2.52762770652771
sun_btbzqxmvyzlrnccn.png,2.2911088466644287
sun_btdtrvihpxhletbp.png,3.1618897914886475
sun_bteojilkrrifycnb.png,3.2142465114593506
sun_btgarlwiahaqzqew.png,2.417318105697632
sun_btglpvmfoudszwcx.png,1.7054264545440674
sun_btgzbfqbpfnxxubs.png,1.4399540424346924
sun_btibjtzuhjtfxauq.png,1.5069224834442139
sun_btitjwtkbfvxxjir.png,1.6008577346801758
sun_btjecfnksbyiqqxf.png,3.3553829193115234
sun_btjsvbkmjyurwnjc.png,3.0169262886047363
sun_btkfxtbtpkljhbnu.png,3.657838821411133
sun_btklzmnkvpoubzow.png,2.6731488704681396
sun_btkmuwonupdwnime.png,2.6907217502593994
sun_btkzuhaxqlacvmsv.png,4.839166641235352
sun_btlolpsghvngqjst.png,2.5788934230804443
sun_btoqiicesxbtmcvw.png,1.6509113311767578
sun_btrcqkwfznxwmrqn.png,1.3610848188400269
sun_btrphgavmirlkfte.png,1.3378353118896484
sun_btrqlraquceyylsk.png,3.3687872886657715
sun_btrwxphygxfdynkm.png,4.729557514190674
sun_btsxxuzuiatmkwbj.png,1.647545576095581
sun_bttjqmpassdojuww.png,1.4233630895614624
sun_bttyblasuoaazfvj.png,2.075807809829712
sun_btuosftthgpwpkfy.png,6.43257474899292
sun_btwcubkisczvumaf.png,1.5972800254821777
sun_btwghiakehlnmvin.png,1.5645238161087036
sun_btwixqkvzjmqkqpu.png,1.9767937660217285
sun_btwulfxhyuvapujt.png,2.772186040878296
sun_btxtuvzulbqikoiu.png,2.5855581760406494
sun_btyjprilyfyzpbjv.png,4.833127498626709
sun_btzcxxdwzcvyfcgs.png,1.1784418821334839
sun_bubeuobcfzftxdju.png,4.041239261627197
sun_bubvtxesjajenlqt.png,1.4545447826385498
sun_bubwbwfiadpnfnmw.png,1.560289978981018
sun_bucuqibiwiiblyia.png,2.1187119483947754
sun_budcoucpzqukkerv.png,1.4338736534118652
sun_budyhohqkvbawehc.png,3.987565279006958
sun_buegzgqysjqtiutj.png,1.9596678018569946
sun_bueuntcxwgxsfkis.png,6.613503932952881
sun_bufdvpbsyfromtaq.png,1.435404658317566
sun_buhgqccnbhmqgupm.png,4.300523281097412
sun_buiunnhzmpbdnlww.png,1.3118036985397339
sun_bujjhgzbrnclsyny.png,1.381186842918396
sun_bujlksmdrnkuvdzc.png,1.402029275894165
sun_bujxqgvofwfpgxqd.png,1.7491722106933594
sun_bukrskzdqpbyiolq.png,1.532583236694336
sun_bukzaacoairfpnna.png,1.8108519315719604
sun_bumfytaeaaocxkhs.png,1.3296822309494019
sun_bumhcpftmwglagxy.png,5.854426383972168
sun_bumngdexbrehyqav.png,3.2567508220672607
sun_bumqeaxclvrfyull.png,1.5613895654678345
sun_bunguvnvkdltcawb.png,1.4805119037628174
sun_buovyzpmpixtfczy.png,1.4680787324905396
sun_bupldmyiogtiznnr.png,2.666933536529541
sun_bupmycspfhrplzac.png,1.7524725198745728
sun_bupyrxfwzawdqngx.png,5.991497993469238
sun_buqdwtmwwpfhixrp.png,2.0251424312591553
sun_burdknabghwknvon.png,1.3615782260894775
sun_burisorwirbwwpki.png,1.4343518018722534
sun_busbvoeqhhqblefb.png,1.6270232200622559
sun_busfyiowltnoreil.png,2.1500844955444336
sun_busnluvtbrlpklss.png,3.250775098800659
sun_butejhxoikukvzjo.png,1.6136871576309204
sun_butfpeucvaoubnew.png,2.6337153911590576
sun_buuquqynpascvpvg.png,5.379528999328613
sun_buwooqnvizpilzmn.png,1.3709115982055664
sun_buwqnkpfickthfvb.png,2.4751598834991455
sun_buwvjkrxijmjfzvy.png,1.3572572469711304
sun_buxbdivymrhbqkaq.png,3.2997453212738037
sun_buxiatdzwasoiukc.png,1.392759084701538
sun_buzgnthoayjozqrw.png,1.3599411249160767
sun_buzlhipbfnmzpsfe.png,2.0628113746643066
sun_bvadugdspdiyatas.png,1.3345071077346802
sun_bvcpfpykytbdwitw.png,1.5513297319412231
sun_bvcrxmmafcwziglu.png,1.2780444622039795
sun_bvdnnlpnbpboowbn.png,4.5223236083984375
sun_bveppixbphbzcuqe.png,2.796503782272339
sun_bvfwdymyjizsirbv.png,2.066366195678711
sun_bviohtiexxzqnpkc.png,1.6529115438461304
sun_bvjsynrlwrnjrcbw.png,1.6187472343444824
sun_bvktagqrtddksxsr.png,1.9798310995101929
sun_bvlogtbldenrikpj.png,1.4010124206542969
sun_bvmhlhjpkxitfhgs.png,5.262083053588867
sun_bvnzergmkvtrmieb.png,1.797093391418457
sun_bvoguehakawfwbfb.png,1.403488039970398
sun_bvokewkgutqykxga.png,3.838236093521118
sun_bvoraywiwkghtfsp.png,6.608477592468262
sun_bvrmksvsrbfzaouf.png,1.792546272277832
sun_bvrzhwjmndjntmrd.png,1.3116971254348755
sun_bvseidzvrmvtpkpx.png,1.351473331451416
sun_bvsjcozktubjuixy.png,1.4255284070968628
sun_bvtxhnhosgmrqdqj.png,4.84174919128418
sun_bvunqtjezqgjkfqn.png,1.3511807918548584
sun_bvupmryxushufxid.png,1.4374611377716064
sun_bvvagpokirtzprco.png,6.637302875518799
sun_bvvfevxgxdbnwkdo.png,1.384748935699463
sun_bvvkcyfmdmoxmqdp.png,2.142491340637207
sun_bvxdrnduhbhimwni.png,1.4200125932693481
sun_bvxilcyfjgqptejo.png,3.497857093811035
sun_bvzgafyecjurrnij.png,3.359833240509033
sun_bwaefckywxfgfnhk.png,2.3777847290039062
sun_bwaeoxdssornxdzd.png,5.252219200134277
sun_bwcsqcbquzhtbthj.png,1.3874999284744263
sun_bwejrnxklcvyppeg.png,1.3678081035614014
sun_bwetgwjnbynkijfa.png,1.3341742753982544
sun_bwfqgtmzjlmhlmoo.png,1.1943743228912354
sun_bwgbmspgoasrrxii.png,1.3197247982025146
sun_bwhttmaphjpnylet.png,1.4224306344985962
sun_bwjdahsxcqepqqbm.png,2.0180747509002686
sun_bwkmlnhgxxpjprxc.png,2.9886012077331543
sun_bwlgasqbvouhxzgq.png,1.4456584453582764
sun_bwlujsghtckhrmdf.png,3.3477017879486084
sun_bwlvhidckctkncuk.png,1.8857537508010864
sun_bwlvpakobhlfvzzt.png,3.3520617485046387
sun_bwmqfugxntaxbodl.png,6.591669082641602
sun_bwojgekrkcxlkdtm.png,2.060361862182617
sun_bwomfrxacbvxzekp.png,6.6257171630859375
sun_bwpajdzkwlgtdkvo.png,1.1924488544464111
sun_bwpetxzxuvepywte.png,2.74955153465271
sun_bwpizsfxdeddubvf.png,3.9481630325317383
sun_bwplgyknxhslqbdh.png,1.5369457006454468
sun_bwpnxojkzrehwwun.png,4.048006057739258
sun_bwtcreuswmwmbqwi.png,1.9490611553192139
sun_bwtoopqffjsqnunf.png,6.66068172454834
sun_bwuazhvukqbjrekc.png,1.458357572555542
sun_bwvnrjivcflkumua.png,3.812781572341919
sun_bwvpnrcbzlfihvvw.png,1.6306874752044678
sun_bwvqovjbilbqaamp.png,6.566822052001953
sun_bwwdydddfrmtvaaq.png,2.1827142238616943
sun_bwwizcnmdumxllgf.png,2.921388626098633
sun_bwwnazvrsvclejws.png,2.021580457687378
sun_bwwzgyontxgvudgu.png,6.602936267852783
sun_bwxabemozafvwqwo.png,1.9118577241897583
sun_bwxprldpzjnjalgr.png,1.654967188835144
sun_bwyfpzvujaqhgyws.png,1.3841561079025269
sun_bwyngirmnygwrixi.png,2.033217430114746
sun_bwzrhfmernduzztq.png,1.6173619031906128
sun_bwzzewspvvqvbmfy.png,2.9049577713012695
sun_bxafshqdijjbpdaz.png,1.537196397781372
sun_bxahqdyqpausckwh.png,3.3825631141662598
sun_bxarcshsnqsefemx.png,3.924639940261841
sun_bxcatlubnlpygirb.png,1.5592294931411743
sun_bxdkavmkskboefhl.png,6.597200393676758
sun_bxdujtxtqvimgcrj.png,4.3244428634643555
sun_bxeiylbtpjkvjdja.png,1.790465235710144
sun_bxftfolankxjsbkc.png,2.9993999004364014
sun_bxfynncmyoeecwtc.png,1.5850969552993774
sun_bxhekqasouoqymhh.png,3.303779125213623
sun_bxhqkswdztfjlogx.png,4.88154935836792
sun_bxipuvzrzclhecoa.png,1.4105970859527588
sun_bxoeshylenjctlvs.png,2.04133677482605
sun_bxohjmmbpglcqtjj.png,2.8978307247161865
sun_bxpjenhliiqkkazx.png,1.1938620805740356
sun_bxpkentrzeqdlqck.png,1.4062726497650146
sun_bxqepaomktavpztc.png,1.3998441696166992
sun_bxqqxwxvafkrpfje.png,1.4318228960037231
sun_bxqumcisxaaevuok.png,5.940340042114258
sun_bxquoddofshilqhe.png,1.4743374586105347
sun_bxrjxxbavrhxhckd.png,6.533461570739746
sun_bxrtobofnydzwbvh.png,6.627315521240234
sun_bxscrxtgegrmmhrn.png,2.891773223876953
sun_bxsncwltwrecpefm.png,3.874168872833252
sun_bxsxinaguigskimz.png,2.147186279296875
sun_bxtfzakpnwrxhxcq.png,1.427801489830017
sun_bxuwcfqmsdfjijpn.png,3.498260736465454
sun_bxvccutjdzbutrdo.png,2.260164976119995
sun_bxvdohnrocruslcu.png,1.4781317710876465
sun_bxxxflrbyhbakacb.png,1.4722492694854736
sun_bxydcehekhmpvpmh.png,4.309518337249756
sun_bxzfuarhmdlojhgj.png,1.5776268243789673
sun_bxzvcqppmizkmxgr.png,6.651196479797363
sun_bxzxvpxabkqegbmz.png,3.678760528564453
sun_bxzzutfjxdmvpwcn.png,2.5974042415618896
sun_bybwwggbjkvmvvsk.png,2.2625417709350586
sun_bybymzvbxgvcrwgn.png,1.3346797227859497
sun_bycsfdyqiurvjyer.png,6.610504627227783
sun_bydcaakthxrsxfui.png,6.6384124755859375
sun_byegvlxnjtnjachb.png,1.7800837755203247
sun_byfffdwqltqvkulk.png,6.619058609008789
sun_byhcvjxqnxhccxyk.png,1.3470263481140137
sun_byhsmspbuhedbgpq.png,5.851771354675293
sun_byhztyvzwhsmkkhh.png,6.634322166442871
sun_byjevguiiqilawju.png,2.460242748260498
sun_byjyynfdylobvlmb.png,2.489100694656372
sun_bykmfkghgnpgwthd.png,3.379859209060669
sun_bykulylhgrhjezbh.png,1.394049882888794
sun_bylzknmbiopycyev.png,4.581031322479248
sun_bynznvdclrjaxpzk.png,1.3214547634124756
sun_byockeznxqmczqek.png,2.6358375549316406
sun_byozqtwkrnkzxaoq.png,1.3457103967666626
sun_bypboapkrbtrmxqn.png,2.894867420196533
sun_byprznizglpmyswv.png,6.659314155578613
sun_byqkwwucryiwcxff.png,2.028745651245117
sun_bysmbncykvciuqsg.png,3.5877580642700195
sun_bysogjpucwrlcyvq.png,5.363077640533447
sun_byujwnqthoewfezt.png,3.31284236907959
sun_byukalphpsagnwum.png,1.4016824960708618
sun_byusctchbivutqxd.png,1.5296186208724976
sun_byvccfndmyaiueas.png,1.4106934070587158
sun_bywesmbaobiovqrr.png,1.4428561925888062
sun_bywnkdrfibdahtcw.png,6.635125637054443
sun_byxjhxcvkgccckaf.png,1.5486960411071777
sun_byyajrvjnpnuopdi.png,4.66433048248291
sun_byyaxeluotynvysz.png,2.8346128463745117
sun_byyoxsewzibkaswg.png,1.773376703262329
sun_byyxvtxlqfyyfxsp.png,6.586535930633545
sun_byzweiouhvtofjlh.png,6.5131072998046875
sun_bzahmkxztgfcmrot.png,1.59163498878479
sun_bzayvogardiuufor.png,6.5720415115356445
sun_bzcntuzwagwdrkrp.png,3.060248374938965
sun_bzdfeubmpjrwxyxa.png,1.7798645496368408
sun_bzdjhdkiwuqogghf.png,3.0340685844421387
sun_bzdkfldkgqsowutt.png,2.2852632999420166
sun_bzdsiiquwuhojhsa.png,2.1246416568756104
sun_bzfnrusonorlauzf.png,1.4714275598526
sun_bzgdmyokbhheseag.png,2.751197099685669
sun_bzgsruvnegugrqqj.png,4.832784175872803
sun_bzhbdnudcfjlvhhk.png,4.048896312713623
sun_bzhfdxloamvbiksz.png,1.7843050956726074
sun_bzhkhxzgdhwovlbc.png,3.465596914291382
sun_bzhtawtcwvarqfly.png,4.4554762840271
sun_bzixvwoukasxltwi.png,1.4110984802246094
sun_bzjljcrmqlmawtbm.png,1.426784634590149
sun_bzjrqwjgfkzqzxko.png,2.0480616092681885
sun_bzjswslsonqoruvh.png,4.2369513511657715
sun_bzjwnsnlbvaoqswg.png,1.4474068880081177
sun_bzkcvrskrmuqjlhh.png,6.628448009490967
sun_bzktlbbwtskelqxn.png,3.528336763381958
sun_bzlbrzrmyhczyxbt.png,1.3082706928253174
sun_bzmhfxaufoqjxrxg.png,6.606424331665039
sun_bzmseudgfbgvvfds.png,5.923219680786133
sun_bznefxvocwpgimko.png,1.290775179862976
sun_bzphvplujtqppajx.png,1.8519271612167358
sun_bzpjfetivojhplyc.png,6.614527702331543
sun_bzposwfhbrlamgug.png,2.6147708892822266
sun_bzrclvbqxbfvqaae.png,1.3635165691375732
sun_bzrdasjymsqeuhei.png,6.530086994171143
sun_bzskkbpdayjlqhjm.png,2.9834482669830322
sun_bzswqviottpkgrhy.png,1.3632915019989014
sun_bztinnbpwuvzrrmn.png,2.1218883991241455
sun_bzumhtdauolwwpld.png,1.567893624305725
sun_bzutnrrxuaaxkcjo.png,1.535305380821228
sun_bzvdvlppoitgqmmy.png,6.545751571655273
sun_bzvldfwaopjftans.png,6.566377639770508
sun_bzwymbcoqqufdyfl.png,6.6529436111450195
sun_bzzhcxocqdbmqtdt.png,3.9366307258605957
sun_bzzorzbarvqzfkkt.png,3.065035581588745
sun_bzzthycspumivnin.png,2.1192822456359863
sun_cccvqprfrvymesmn.png,5.530378341674805
sun_cdzoksnyawnhcvzs.png,1.393853783607483
sun_cfsknrqkwoyyclpl.png,1.8906800746917725
sun_cgnmkviqglhcpzgw.png,1.429498553276062
sun_cgyortwapwxnacmd.png,1.389434576034546
sun_chuazffleeodtpgr.png,2.8008110523223877
sun_cjjjphyiodovbwdc.png,6.450211048126221
sun_ckhkdzmhpitbkdkc.png,6.545182704925537
sun_cmfyjyeuqorkjoey.png,1.7230918407440186
sun_cmpwrjljmpxaomfi.png,1.2828432321548462
sun_cpimlwoyxuicmstq.png,6.5968146324157715
sun_cptzeidnpvcnvmys.png,1.4525365829467773
sun_cskokqhzpqyarpwd.png,3.512608051300049
sun_cuvtskjmxuxtdwbh.png,1.513170599937439
sun_cvxktxkdcvptovgn.png,3.1890156269073486
sun_cxhxnewsznefrric.png,1.4482823610305786
sun_cyebodmshcmilxea.png,1.7523672580718994
sun_cymcacucrlgcjkhm.png,1.3861089944839478
sun_daitsuznrfrnugms.png,2.6579747200012207
sun_davdbpevggahgxsj.png,1.7852052450180054
sun_daxbgqevqutlmehh.png,1.4134870767593384
sun_dbmzuhirhecedufl.png,1.30924654006958
sun_ddcfwwvqwxhasoua.png,1.3168034553527832
sun_ddmiyazycvsbmjoh.png,1.5267550945281982
sun_ddtuouqwukxkklpi.png,3.3458430767059326
sun_ddywllhqorplbjls.png,3.487659215927124
sun_decjoqzzrkluvevr.png,1.3080577850341797
sun_deqpywsildqkdkcg.png,3.3054358959198
sun_detmwwvooyqdpexe.png,2.3722400665283203
sun_dfwoggfqhfckjmhn.png,2.1754608154296875
sun_dhgvkvyhrycxxwbn.png,3.2885444164276123
sun_dhildmntuoxkhocv.png,1.4567655324935913
sun_dhwkapupjcpmroev.png,1.4680333137512207
sun_diinfmuwcpwhadpt.png,1.3225373029708862
sun_diosfgmekdqexyyp.png,2.0334384441375732
sun_dizqbbolyzzexhja.png,1.3863121271133423
sun_dktnxnesgicnwrmc.png,1.3252969980239868
sun_dlcwhwgzotvlyiol.png,1.4474071264266968
sun_dlggzcfchdtzexii.png,1.7284226417541504
sun_dlmfyrpsqjhqsomf.png,1.4373548030853271
sun_dlnxgvumnmlmgbzi.png,1.9429441690444946
sun_doyffalaqcbvjmzn.png,1.328660249710083
sun_dpsfnbvpszeebnam.png,1.5026026964187622
sun_dqcpslbsbuellmog.png,1.7822377681732178
sun_dqtzlmlpfyrgslbp.png,1.9076074361801147
sun_dsawxouojbodegxw.png,1.6136680841445923
sun_dsqsjtzzjcmtcczd.png,1.4225269556045532
sun_dtnzywaisgvniooe.png,1.3665331602096558
sun_dtomtzsvreainpag.png,1.4995989799499512
sun_dtrozscrcpmbecnc.png,1.6093741655349731
sun_dtxwewqpyrtlnlqp.png,2.1275250911712646
sun_dulvxrqyvtbyxekb.png,2.866332530975342
sun_duzppdtyladxieiq.png,1.5147980451583862
sun_dvepclpcmqjjcuqo.png,2.583869218826294
sun_dvstfjpskuyhigjy.png,1.4891279935836792
sun_dwbgpjdqastrcbkc.png,1.5293909311294556
sun_dywoyueatmitzmla.png,1.5120798349380493
sun_dzeksjrfwissivee.png,1.5826114416122437
sun_dzjahlyxdmctyola.png,1.3542168140411377
