image_name,chunk
0000.jpg,0
0001.jpg,0
0002.jpg,0
0003.jpg,0
0004.jpg,0
0005.jpg,0
0006.jpg,0
0007.jpg,0
0008.jpg,0
0009.jpg,0
0010.jpg,1
0011.jpg,1
0012.jpg,1
0013.jpg,1
0014.jpg,1
0015.jpg,1
0016.jpg,1
0017.jpg,1
0018.jpg,1
0019.jpg,1
0020.jpg,2
0021.jpg,2
0022.jpg,2
0023.jpg,2
0024.jpg,2
0025.jpg,2
0026.jpg,2
0027.jpg,2
0028.jpg,2
0029.jpg,2
0030.jpg,3
0031.jpg,3
0032.jpg,3
0033.jpg,3
0034.jpg,3
0035.jpg,3
0036.jpg,3
0037.jpg,3
0038.jpg,3
0039.jpg,3
0040.jpg,4
0041.jpg,4
0042.jpg,4
0043.jpg,4
0044.jpg,4
0045.jpg,4
0046.jpg,4
0047.jpg,4
0048.jpg,4
0049.jpg,4
0050.jpg,5
0051.jpg,5
0052.jpg,5
0053.jpg,5
0054.jpg,5
0055.jpg,5
0056.jpg,5
0057.jpg,5
0058.jpg,5
0059.jpg,5
0060.jpg,6
0061.jpg,6
0062.jpg,6
0063.jpg,6
0064.jpg,6
0065.jpg,6
0066.jpg,6
0067.jpg,6
0068.jpg,6
0069.jpg,6
0070.jpg,7
0071.jpg,7
0072.jpg,7
0073.jpg,7
0074.jpg,7
0075.jpg,7
0076.jpg,7
0077.jpg,7
0078.jpg,7
0079.jpg,7
0080.jpg,8
0081.jpg,8
0082.jpg,8
0083.jpg,8
0084.jpg,8
0085.jpg,8
0086.jpg,8
0087.jpg,8
0088.jpg,8
0089.jpg,8
0090.jpg,9
0091.jpg,9
0092.jpg,9
0093.jpg,9
0094.jpg,9
0095.jpg,9
0096.jpg,9
0097.jpg,9
0098.jpg,9
0099.jpg,9
0100.jpg,10
0101.jpg,10
0102.jpg,10
0103.jpg,10
0104.jpg,10
0105.jpg,10
0106.jpg,10
0107.jpg,10
0108.jpg,10
0109.jpg,10
0110.jpg,11
0111.jpg,11
0112.jpg,11
0113.jpg,11
0114.jpg,11
0115.jpg,11
0116.jpg,11
0117.jpg,11
0118.jpg,11
0119.jpg,11
0120.jpg,12
0121.jpg,12
0122.jpg,12
0123.jpg,12
0124.jpg,12
0125.jpg,12
0126.jpg,12
0127.jpg,12
0128.jpg,12
0129.jpg,12
0130.jpg,13
0131.jpg,13
0132.jpg,13
0133.jpg,13
0134.jpg,13
0135.jpg,13
0136.jpg,13
0137.jpg,13
0138.jpg,13
0139.jpg,13
0140.jpg,14
0141.jpg,14
0142.jpg,14
0143.jpg,14
0144.jpg,14
0145.jpg,14
0146.jpg,14
0147.jpg,14
0148.jpg,14
0149.jpg,14
0150.jpg,15
0151.jpg,15
0152.jpg,15
0153.jpg,15
0154.jpg,15
0155.jpg,15
0156.jpg,15
0157.jpg,15
0158.jpg,15
0159.jpg,15
0160.jpg,16
0161.jpg,16
0162.jpg,16
0163.jpg,16
0164.jpg,16
0165.jpg,16
0166.jpg,16
0167.jpg,16
0168.jpg,16
0169.jpg,16
0170.jpg,17
0171.jpg,17
0172.jpg,17
0173.jpg,17
0174.jpg,17
0175.jpg,17
0176.jpg,17
0177.jpg,17
0178.jpg,17
0179.jpg,17
0180.jpg,18
0181.jpg,18
0182.jpg,18
0183.jpg,18
0184.jpg,18
0185.jpg,18
0186.jpg,18
0187.jpg,18
0188.jpg,18
0189.jpg,18
0190.jpg,19
0191.jpg,19
0192.jpg,19
0193.jpg,19
0194.jpg,19
0195.jpg,19
0196.jpg,19
0197.jpg,19
0198.jpg,19
0199.jpg,19
0200.jpg,20
0201.jpg,20
0202.jpg,20
0203.jpg,20
0204.jpg,20
0205.jpg,20
0206.jpg,20
0207.jpg,20
0208.jpg,20
0209.jpg,20
0210.jpg,21
0211.jpg,21
0212.jpg,21
0213.jpg,21
0214.jpg,21
0215.jpg,21
0216.jpg,21
0217.jpg,21
0218.jpg,21
0219.jpg,21
0220.jpg,22
0221.jpg,22
0222.jpg,22
0223.jpg,22
0224.jpg,22
0225.jpg,22
0226.jpg,22
0227.jpg,22
0228.jpg,22
0229.jpg,22
0230.jpg,23
0231.jpg,23
0232.jpg,23
0233.jpg,23
0234.jpg,23
0235.jpg,23
0236.jpg,23
0237.jpg,23
0238.jpg,23
0239.jpg,23
0240.jpg,24
0241.jpg,24
0242.jpg,24
0243.jpg,24
0244.jpg,24
0245.jpg,24
0246.jpg,24
0247.jpg,24
0248.jpg,24
0249.jpg,24
0250.jpg,25
0251.jpg,25
0252.jpg,25
0253.jpg,25
0254.jpg,25
0255.jpg,25
0256.jpg,25
0257.jpg,25
0258.jpg,25
0259.jpg,25
0260.jpg,26
0261.jpg,26
0262.jpg,26
0263.jpg,26
0264.jpg,26
0265.jpg,26
0266.jpg,26
0267.jpg,26
0268.jpg,26
0269.jpg,26
0270.jpg,27
0271.jpg,27
0272.jpg,27
0273.jpg,27
0274.jpg,27
0275.jpg,27
0276.jpg,27
0277.jpg,27
0278.jpg,27
0279.jpg,27
0280.jpg,28
0281.jpg,28
0282.jpg,28
0283.jpg,28
0284.jpg,28
0285.jpg,28
0286.jpg,28
0287.jpg,28
0288.jpg,28
0289.jpg,28
0290.jpg,29
0291.jpg,29
0292.jpg,29
0293.jpg,29
0294.jpg,29
0295.jpg,29
0296.jpg,29
0297.jpg,29
0298.jpg,29
0299.jpg,29
0300.jpg,30
0301.jpg,30
0302.jpg,30
0303.jpg,30
0304.jpg,30
0305.jpg,30
0306.jpg,30
0307.jpg,30
0308.jpg,30
0309.jpg,30
0310.jpg,31
0311.jpg,31
0312.jpg,31
0313.jpg,31
0314.jpg,31
0315.jpg,31
0316.jpg,31
0317.jpg,31
0318.jpg,31
0319.jpg,31
0320.jpg,32
0321.jpg,32
0322.jpg,32
0323.jpg,32
0324.jpg,32
0325.jpg,32
0326.jpg,32
0327.jpg,32
0328.jpg,32
0329.jpg,32
0330.jpg,33
0331.jpg,33
0332.jpg,33
0333.jpg,33
0334.jpg,33
0335.jpg,33
0336.jpg,33
0337.jpg,33
0338.jpg,33
0339.jpg,33
0340.jpg,34
0341.jpg,34
0342.jpg,34
0343.jpg,34
0344.jpg,34
0345.jpg,34
0346.jpg,34
0347.jpg,34
0348.jpg,34
0349.jpg,34
0350.jpg,35
0351.jpg,35
0352.jpg,35
0353.jpg,35
0354.jpg,35
0355.jpg,35
0356.jpg,35
0357.jpg,35
0358.jpg,35
0359.jpg,35
0360.jpg,36
0361.jpg,36
0362.jpg,36
0363.jpg,36
0364.jpg,36
0365.jpg,36
0366.jpg,36
0367.jpg,36
0368.jpg,36
0369.jpg,36
0370.jpg,37
0371.jpg,37
0372.jpg,37
0373.jpg,37
0374.jpg,37
0375.jpg,37
0376.jpg,37
0377.jpg,37
0378.jpg,37
0379.jpg,37
0380.jpg,38
0381.jpg,38
0382.jpg,38
0383.jpg,38
0384.jpg,38
0385.jpg,38
0386.jpg,38
0387.jpg,38
0388.jpg,38
0389.jpg,38
0390.jpg,39
0391.jpg,39
0392.jpg,39
0393.jpg,39
0394.jpg,39
0395.jpg,39
0396.jpg,39
0397.jpg,39
0398.jpg,39
0399.jpg,39
0400.jpg,40
0401.jpg,40
0402.jpg,40
0403.jpg,40
0404.jpg,40
0405.jpg,40
0406.jpg,40
0407.jpg,40
0408.jpg,40
0409.jpg,40
0410.jpg,41
0411.jpg,41
0412.jpg,41
0413.jpg,41
0414.jpg,41
0415.jpg,41
0416.jpg,41
0417.jpg,41
0418.jpg,41
0419.jpg,41
0420.jpg,42
0421.jpg,42
0422.jpg,42
0423.jpg,42
0424.jpg,42
0425.jpg,42
0426.jpg,42
0427.jpg,42
0428.jpg,42
0429.jpg,42
0430.jpg,43
0431.jpg,43
0432.jpg,43
0433.jpg,43
0434.jpg,43
0435.jpg,43
0436.jpg,43
0437.jpg,43
0438.jpg,43
0439.jpg,43
0440.jpg,44
0441.jpg,44
0442.jpg,44
0443.jpg,44
0444.jpg,44
0445.jpg,44
0446.jpg,44
0447.jpg,44
0448.jpg,44
0449.jpg,44
0450.jpg,45
0451.jpg,45
0452.jpg,45
0453.jpg,45
0454.jpg,45
0455.jpg,45
0456.jpg,45
0457.jpg,45
0458.jpg,45
0459.jpg,45
0460.jpg,46
0461.jpg,46
0462.jpg,46
0463.jpg,46
0464.jpg,46
0465.jpg,46
0466.jpg,46
0467.jpg,46
0468.jpg,46
0469.jpg,46
0470.jpg,47
0471.jpg,47
0472.jpg,47
0473.jpg,47
0474.jpg,47
0475.jpg,47
0476.jpg,47
0477.jpg,47
0478.jpg,47
0479.jpg,47
0480.jpg,48
0481.jpg,48
0482.jpg,48
0483.jpg,48
0484.jpg,48
0485.jpg,48
0486.jpg,48
0487.jpg,48
0488.jpg,48
0489.jpg,48
0490.jpg,49
0491.jpg,49
0492.jpg,49
0493.jpg,49
0494.jpg,49
0495.jpg,49
0496.jpg,49
0497.jpg,49
0498.jpg,49
0499.jpg,49
0500.jpg,50
0501.jpg,50
0502.jpg,50
0503.jpg,50
0504.jpg,50
0505.jpg,50
0506.jpg,50
0507.jpg,50
0508.jpg,50
0509.jpg,50
0510.jpg,51
0511.jpg,51
0512.jpg,51
0513.jpg,51
0514.jpg,51
0515.jpg,51
0516.jpg,51
0517.jpg,51
0518.jpg,51
0519.jpg,51
0520.jpg,52
0521.jpg,52
0522.jpg,52
0523.jpg,52
0524.jpg,52
0525.jpg,52
0526.jpg,52
0527.jpg,52
0528.jpg,52
0529.jpg,52
0530.jpg,53
0531.jpg,53
0532.jpg,53
0533.jpg,53
0534.jpg,53
0535.jpg,53
0536.jpg,53
0537.jpg,53
0538.jpg,53
0539.jpg,53
0540.jpg,54
0541.jpg,54
0542.jpg,54
0543.jpg,54
0544.jpg,54
0545.jpg,54
0546.jpg,54
0547.jpg,54
0548.jpg,54
0549.jpg,54
0550.jpg,55
0551.jpg,55
0552.jpg,55
0553.jpg,55
0554.jpg,55
0555.jpg,55
0556.jpg,55
0557.jpg,55
0558.jpg,55
0559.jpg,55
0560.jpg,56
0561.jpg,56
0562.jpg,56
0563.jpg,56
0564.jpg,56
0565.jpg,56
0566.jpg,56
0567.jpg,56
0568.jpg,56
0569.jpg,56
0570.jpg,57
0571.jpg,57
0572.jpg,57
0573.jpg,57
0574.jpg,57
0575.jpg,57
0576.jpg,57
0577.jpg,57
0578.jpg,57
0579.jpg,57
0580.jpg,58
0581.jpg,58
0582.jpg,58
0583.jpg,58
0584.jpg,58
0585.jpg,58
0586.jpg,58
0587.jpg,58
0588.jpg,58
0589.jpg,58
0590.jpg,59
0591.jpg,59
0592.jpg,59
0593.jpg,59
0594.jpg,59
0595.jpg,59
0596.jpg,59
0597.jpg,59
0598.jpg,59
0599.jpg,59
0600.jpg,60
0601.jpg,60
0602.jpg,60
0603.jpg,60
0604.jpg,60
0605.jpg,60
0606.jpg,60
0607.jpg,60
0608.jpg,60
0609.jpg,60
0610.jpg,61
0611.jpg,61
0612.jpg,61
0613.jpg,61
0614.jpg,61
0615.jpg,61
0616.jpg,61
0617.jpg,61
0618.jpg,61
0619.jpg,61
0620.jpg,62
0621.jpg,62
0622.jpg,62
0623.jpg,62
0624.jpg,62
0625.jpg,62
0626.jpg,62
0627.jpg,62
0628.jpg,62
0629.jpg,62
0630.jpg,63
0631.jpg,63
0632.jpg,63
0633.jpg,63
0634.jpg,63
0635.jpg,63
0636.jpg,63
0637.jpg,63
0638.jpg,63
0639.jpg,63
0640.jpg,64
0641.jpg,64
0642.jpg,64
0643.jpg,64
0644.jpg,64
0645.jpg,64
0646.jpg,64
0647.jpg,64
0648.jpg,64
0649.jpg,64
0650.jpg,65
0651.jpg,65
0652.jpg,65
0653.jpg,65
0654.jpg,65
0655.jpg,65
0656.jpg,65
0657.jpg,65
0658.jpg,65
0659.jpg,65
0660.jpg,66
0661.jpg,66
0662.jpg,66
0663.jpg,66
0664.jpg,66
0665.jpg,66
0666.jpg,66
0667.jpg,66
0668.jpg,66
0669.jpg,66
0670.jpg,67
0671.jpg,67
0672.jpg,67
0673.jpg,67
0674.jpg,67
0675.jpg,67
0676.jpg,67
0677.jpg,67
0678.jpg,67
0679.jpg,67
0680.jpg,68
0681.jpg,68
0682.jpg,68
0683.jpg,68
0684.jpg,68
0685.jpg,68
0686.jpg,68
0687.jpg,68
0688.jpg,68
0689.jpg,68
0690.jpg,69
0691.jpg,69
0692.jpg,69
0693.jpg,69
0694.jpg,69
0695.jpg,69
0696.jpg,69
0697.jpg,69
0698.jpg,69
0699.jpg,69
0700.jpg,70
0701.jpg,70
0702.jpg,70
0703.jpg,70
0704.jpg,70
0705.jpg,70
0706.jpg,70
0707.jpg,70
0708.jpg,70
0709.jpg,70
0710.jpg,71
0711.jpg,71
0712.jpg,71
0713.jpg,71
0714.jpg,71
0715.jpg,71
0716.jpg,71
0717.jpg,71
0718.jpg,71
0719.jpg,71
0720.jpg,72
0721.jpg,72
0722.jpg,72
0723.jpg,72
0724.jpg,72
0725.jpg,72
0726.jpg,72
0727.jpg,72
0728.jpg,72
0729.jpg,72
0730.jpg,73
0731.jpg,73
0732.jpg,73
0733.jpg,73
0734.jpg,73
0735.jpg,73
0736.jpg,73
0737.jpg,73
0738.jpg,73
0739.jpg,73
0740.jpg,74
0741.jpg,74
0742.jpg,74
0743.jpg,74
0744.jpg,74
0745.jpg,74
0746.jpg,74
0747.jpg,74
0748.jpg,74
0749.jpg,74
0750.jpg,75
0751.jpg,75
0752.jpg,75
0753.jpg,75
0754.jpg,75
0755.jpg,75
0756.jpg,75
0757.jpg,75
0758.jpg,75
0759.jpg,75
0760.jpg,76
0761.jpg,76
0762.jpg,76
0763.jpg,76
0764.jpg,76
0765.jpg,76
0766.jpg,76
0767.jpg,76
0768.jpg,76
0769.jpg,76
0770.jpg,77
0771.jpg,77
0772.jpg,77
0773.jpg,77
0774.jpg,77
0775.jpg,77
0776.jpg,77
0777.jpg,77
0778.jpg,77
0779.jpg,77
0780.jpg,78
0781.jpg,78
0782.jpg,78
0783.jpg,78
0784.jpg,78
0785.jpg,78
0786.jpg,78
0787.jpg,78
0788.jpg,78
0789.jpg,78
0790.jpg,79
0791.jpg,79
0792.jpg,79
0793.jpg,79
0794.jpg,79
0795.jpg,79
0796.jpg,79
0797.jpg,79
0798.jpg,79
0799.jpg,79
0800.jpg,80
0801.jpg,80
0802.jpg,80
0803.jpg,80
0804.jpg,80
0805.jpg,80
0806.jpg,80
0807.jpg,80
0808.jpg,80
0809.jpg,80
0810.jpg,81
0811.jpg,81
0812.jpg,81
0813.jpg,81
0814.jpg,81
0815.jpg,81
0816.jpg,81
0817.jpg,81
0818.jpg,81
0819.jpg,81
0820.jpg,82
0821.jpg,82
0822.jpg,82
0823.jpg,82
0824.jpg,82
0825.jpg,82
0826.jpg,82
0827.jpg,82
0828.jpg,82
0829.jpg,82
0830.jpg,83
0831.jpg,83
0832.jpg,83
0833.jpg,83
0834.jpg,83
0835.jpg,83
0836.jpg,83
0837.jpg,83
0838.jpg,83
0839.jpg,83
0840.jpg,84
0841.jpg,84
0842.jpg,84
0843.jpg,84
0844.jpg,84
0845.jpg,84
0846.jpg,84
0847.jpg,84
0848.jpg,84
0849.jpg,84
0850.jpg,85
0851.jpg,85
0852.jpg,85
0853.jpg,85
0854.jpg,85
0855.jpg,85
0856.jpg,85
0857.jpg,85
0858.jpg,85
0859.jpg,85
0860.jpg,86
0861.jpg,86
0862.jpg,86
0863.jpg,86
0864.jpg,86
0865.jpg,86
0866.jpg,86
0867.jpg,86
0868.jpg,86
0869.jpg,86
0870.jpg,87
0871.jpg,87
0872.jpg,87
0873.jpg,87
0874.jpg,87
0875.jpg,87
0876.jpg,87
0877.jpg,87
0878.jpg,87
0879.jpg,87
0880.jpg,88
0881.jpg,88
0882.jpg,88
0883.jpg,88
0884.jpg,88
0885.jpg,88
0886.jpg,88
0887.jpg,88
0888.jpg,88
0889.jpg,88
0890.jpg,89
0891.jpg,89
0892.jpg,89
0893.jpg,89
0894.jpg,89
0895.jpg,89
0896.jpg,89
0897.jpg,89
0898.jpg,89
0899.jpg,89
0900.jpg,90
0901.jpg,90
0902.jpg,90
0903.jpg,90
0904.jpg,90
0905.jpg,90
0906.jpg,90
0907.jpg,90
0908.jpg,90
0909.jpg,90
0910.jpg,91
0911.jpg,91
0912.jpg,91
0913.jpg,91
0914.jpg,91
0915.jpg,91
0916.jpg,91
0917.jpg,91
0918.jpg,91
0919.jpg,91
0920.jpg,92
0921.jpg,92
0922.jpg,92
0923.jpg,92
0924.jpg,92
0925.jpg,92
0926.jpg,92
0927.jpg,92
0928.jpg,92
0929.jpg,92
0930.jpg,93
0931.jpg,93
0932.jpg,93
0933.jpg,93
0934.jpg,93
0935.jpg,93
0936.jpg,93
0937.jpg,93
0938.jpg,93
0939.jpg,93
0940.jpg,94
0941.jpg,94
0942.jpg,94
0943.jpg,94
0944.jpg,94
0945.jpg,94
0946.jpg,94
0947.jpg,94
0948.jpg,94
0949.jpg,94
0950.jpg,95
0951.jpg,95
0952.jpg,95
0953.jpg,95
0954.jpg,95
0955.jpg,95
0956.jpg,95
0957.jpg,95
0958.jpg,95
0959.jpg,95
0960.jpg,96
0961.jpg,96
0962.jpg,96
0963.jpg,96
0964.jpg,96
0965.jpg,96
0966.jpg,96
0967.jpg,96
0968.jpg,96
0969.jpg,96
0970.jpg,97
0971.jpg,97
0972.jpg,97
0973.jpg,97
0974.jpg,97
0975.jpg,97
0976.jpg,97
0977.jpg,97
0978.jpg,97
0979.jpg,97
0980.jpg,98
0981.jpg,98
0982.jpg,98
0983.jpg,98
0984.jpg,98
0985.jpg,98
0986.jpg,98
0987.jpg,98
0988.jpg,98
0989.jpg,98
0990.jpg,99
0991.jpg,99
0992.jpg,99
0993.jpg,99
0994.jpg,99
0995.jpg,99
0996.jpg,99
0997.jpg,99
0998.jpg,99
0999.jpg,99
1000.jpg,100
1001.jpg,100
1002.jpg,100
1003.jpg,100
1004.jpg,100
1005.jpg,100
1006.jpg,100
1007.jpg,100
1008.jpg,100
1009.jpg,100
1010.jpg,101
1011.jpg,101
1012.jpg,101
1013.jpg,101
1014.jpg,101
1015.jpg,101
1016.jpg,101
1017.jpg,101
1018.jpg,101
1019.jpg,101
1020.jpg,102
1021.jpg,102
1022.jpg,102
1023.jpg,102
1024.jpg,102
1025.jpg,102
1026.jpg,102
1027.jpg,102
1028.jpg,102
1029.jpg,102
1030.jpg,103
1031.jpg,103
1032.jpg,103
1033.jpg,103
1034.jpg,103
1035.jpg,103
1036.jpg,103
1037.jpg,103
1038.jpg,103
1039.jpg,103
1040.jpg,104
1041.jpg,104
1042.jpg,104
1043.jpg,104
1044.jpg,104
1045.jpg,104
1046.jpg,104
1047.jpg,104
1048.jpg,104
1049.jpg,104
1050.jpg,105
1051.jpg,105
1052.jpg,105
1053.jpg,105
1054.jpg,105
1055.jpg,105
1056.jpg,105
1057.jpg,105
1058.jpg,105
1059.jpg,106
1060.jpg,106
1061.jpg,106
1062.jpg,106
1063.jpg,106
1064.jpg,106
1065.jpg,106
1066.jpg,106
1067.jpg,106
1068.jpg,107
1069.jpg,107
1070.jpg,107
1071.jpg,107
1072.jpg,107
1073.jpg,107
1074.jpg,107
1075.jpg,107
1076.jpg,107
1077.jpg,108
1078.jpg,108
1079.jpg,108
1080.jpg,108
1081.jpg,108
1082.jpg,108
1083.jpg,108
1084.jpg,108
1085.jpg,108
1086.jpg,109
1087.jpg,109
1088.jpg,109
1089.jpg,109
1090.jpg,109
1091.jpg,109
1092.jpg,109
1093.jpg,109
1094.jpg,109
1095.jpg,110
1096.jpg,110
1097.jpg,110
1098.jpg,110
1099.jpg,110
1100.jpg,110
1101.jpg,110
1102.jpg,110
1103.jpg,110
